../途策 知识库/Training/- All Company Procedures/Catalyst IT Security Policy - updated May 18 2021.pdf
../途策 知识库/Training/- All Company Procedures/WeCom Procedures updated April 2021.pptx
../途策 知识库/Training/01 General Information/11 GPA/11.1 AP/AP 2021 Exam Dates - AP Central _ College Board.pdf
../途策 知识库/Training/01 General Information/11 GPA/11.1 AP/AP Student-Score-Distributions-2020.pdf
../途策 知识库/Training/01 General Information/11 GPA/11.1 AP/All About AP.docx
../途策 知识库/Training/01 General Information/11 GPA/11.1 AP/Shanghai American School_Course_Catalogue_2223_Dec15.pdf
../途策 知识库/Training/01 General Information/11 GPA/11.1 AP/上海_华二国际部/华东师大二附中2021届毕业生海外名校申请结果出炉！.pdf
../途策 知识库/Training/01 General Information/11 GPA/11.1 AP/上海_华二国际部/华二APnotes -  2022 Updates.docx
../途策 知识库/Training/01 General Information/11 GPA/11.1 AP/上海_平和 IEP/2022IEP升学信息.pdf
../途策 知识库/Training/01 General Information/11 GPA/11.1 AP/上海_平和 IEP/Trancript Sample.pdf
../途策 知识库/Training/01 General Information/11 GPA/11.1 AP/上海_平和 IEP/上海平和 IEP 班 Notes.docx
../途策 知识库/Training/01 General Information/11 GPA/11.1 AP/上海_星河湾/2017年 星河湾 申请录取结果.pdf
../途策 知识库/Training/01 General Information/11 GPA/11.1 AP/上海_星河湾/2018年 星河湾 申请录取结果.pdf
../途策 知识库/Training/01 General Information/11 GPA/11.1 AP/上海_星河湾/2019年 星河湾 申请录取结果.pdf
../途策 知识库/Training/01 General Information/11 GPA/11.1 AP/上海_星河湾/2020年 星河湾 申请录取结果.pdf
../途策 知识库/Training/01 General Information/11 GPA/11.1 AP/上海_星河湾/2022学年 新高二 数学 AP 限定选修 选修课程 选课单.xlsx
../途策 知识库/Training/01 General Information/11 GPA/11.1 AP/上海_星河湾/上海星河湾 AP school profile.pdf
../途策 知识库/Training/01 General Information/11 GPA/11.1 AP/上海_星河湾/上海星河湾 Notes - 2022 update.docx
../途策 知识库/Training/01 General Information/11 GPA/11.1 AP/上海_星河湾/星河湾 2017 - 2020 申请结果 文章链接.txt
../途策 知识库/Training/01 General Information/11 GPA/11.1 AP/上海_星河湾/星河湾 notes.docx
../途策 知识库/Training/01 General Information/11 GPA/11.1 AP/上海_美国人学校/HSPDCourseCatalog2223Feb16.pdf
../途策 知识库/Training/01 General Information/11 GPA/11.1 AP/上海_美国人学校/UpdatedPXCatalog.pdf
../途策 知识库/Training/01 General Information/11 GPA/11.1 AP/合肥一中美高部/school profile-Class 2022.pdf
../途策 知识库/Training/01 General Information/11 GPA/11.1 AP/合肥一中美高部/合肥一中国际部Notes - 2022 Updates.docx
../途策 知识库/Training/01 General Information/11 GPA/11.1 AP/山东_省实验国际部/山东省实验国际部notes -2022 Updates.docx
../途策 知识库/Training/01 General Information/11 GPA/11.1 AP/广东_HFI/2021 St induction (AP11 & AP12).pdf
../途策 知识库/Training/01 General Information/11 GPA/11.1 AP/广东_HFI/2023 PeerBuddy Course Registration Guide 选课指南.pdf
../途策 知识库/Training/01 General Information/11 GPA/11.1 AP/广东_HFI/HFI - 学生手册选课必看部分.pdf
../途策 知识库/Training/01 General Information/11 GPA/11.1 AP/广东_HFI/HFI AP Course Choices.pdf
../途策 知识库/Training/01 General Information/11 GPA/11.1 AP/广东_HFI/HFI Notes - 2022 update.docx
../途策 知识库/Training/01 General Information/11 GPA/11.1 AP/广东_HFI/HFI Notes.docx
../途策 知识库/Training/01 General Information/11 GPA/11.1 AP/广东_HFI/HFI School Profile 2021-202109.pdf
../途策 知识库/Training/01 General Information/11 GPA/11.1 AP/广东_HFI/HFI Student Handbook 2020-21 v1.3-Section-4.pdf
../途策 知识库/Training/01 General Information/11 GPA/11.1 AP/广东_HFI/HFI Student Handbook 2021-22 v1.1.doc
../途策 知识库/Training/01 General Information/11 GPA/11.1 AP/广东_HFI/HFI 课程与评分/AP USH+Assessment+Summary-+Reilly.docx
../途策 知识库/Training/01 General Information/11 GPA/11.1 AP/广东_HFI/HFI 课程与评分/G11_AP Calculus BC Syllabus 2021-2022.pdf
../途策 知识库/Training/01 General Information/11 GPA/11.1 AP/广东_HFI/HFI 课程与评分/G11_AP ES_Assessment.pdf
../途策 知识库/Training/01 General Information/11 GPA/11.1 AP/广东_HFI/HFI 课程与评分/G11_AP HG_Assessment.pdf
../途策 知识库/Training/01 General Information/11 GPA/11.1 AP/广东_HFI/HFI 课程与评分/G11_Art History Assessment (1).docx
../途策 知识库/Training/01 General Information/11 GPA/11.1 AP/广东_HFI/HFI 课程与评分/G11_Art History Assessment .docx
../途策 知识库/Training/01 General Information/11 GPA/11.1 AP/广东_HFI/HFI 课程与评分/G11_World History Assessment Summary 2021-22.docx
../途策 知识库/Training/01 General Information/11 GPA/11.1 AP/广东_HFI/HFI 课程与评分/HFI G11 A.P.+Euro History.docx
../途策 知识库/Training/01 General Information/11 GPA/11.1 AP/广东_HFI/HFI2022申请季结果复盘暨浑朴家长沟通分享会_20220601/22.06.01 线上分享会(对外).pdf
../途策 知识库/Training/01 General Information/11 GPA/11.1 AP/广东_实验中学国际部/[1] 20220430 高二动员大会重要事项(1).pdf
../途策 知识库/Training/01 General Information/11 GPA/11.1 AP/广东_实验中学国际部/[2] 2022本科申请材料清单-SSAP(1)(1).xlsx
../途策 知识库/Training/01 General Information/11 GPA/11.1 AP/广东_实验中学国际部/[3] 2022本科申请材料清单-SSAP-详细说明(1)(1).docx
../途策 知识库/Training/01 General Information/11 GPA/11.1 AP/广东_实验中学国际部/广东省实验AP Notes - 2022 update 1.docx
../途策 知识库/Training/01 General Information/11 GPA/11.1 AP/广东_深圳中学/20220505家长会分享版（含2022录取结果）.pdf
../途策 知识库/Training/01 General Information/11 GPA/11.1 AP/广东_深圳中学/深圳中学2013~2019录取数据.docx
../途策 知识库/Training/01 General Information/11 GPA/11.1 AP/广东_深圳中学/深圳中学Notes - 2022 update.docx
../途策 知识库/Training/01 General Information/11 GPA/11.1 AP/广东_碧桂园/碧桂园 AP G1-G3选课说明.pdf
../途策 知识库/Training/01 General Information/11 GPA/11.1 AP/广东_碧桂园/碧桂园 AP IB school profile 2019-2020.pdf
../途策 知识库/Training/01 General Information/11 GPA/11.1 AP/广东_碧桂园/碧桂园AP Notes - 2022 update.docx
../途策 知识库/Training/01 General Information/11 GPA/11.1 AP/广东_碧桂园/碧桂园竞赛&学院活动规划.xlsx
../途策 知识库/Training/01 General Information/11 GPA/11.1 AP/广东_贝赛斯国际学校/BASIS 长期科研项目/附件1：2022-2023BIBS·C国际竞赛训练营各校区开设列表.xlsx
../途策 知识库/Training/01 General Information/11 GPA/11.1 AP/广东_贝赛斯国际学校/BASIS 长期科研项目/附件1：Projects Introduction of Long-term Research Program.pdf
../途策 知识库/Training/01 General Information/11 GPA/11.1 AP/广东_贝赛斯国际学校/BASIS 长期科研项目/附件2：Instructor Introduction of Long-term Research Program.pdf
../途策 知识库/Training/01 General Information/11 GPA/11.1 AP/广东_贝赛斯国际学校/BASIS 长期科研项目/附件2：商赛、经济、综合类师资介绍Teachers for Business Economics Competition.pdf
../途策 知识库/Training/01 General Information/11 GPA/11.1 AP/广东_贝赛斯国际学校/BASIS 长期科研项目/附件3：Introduction of 2023 BIBS · C Team Recruitment of iGEM.pdf
../途策 知识库/Training/01 General Information/11 GPA/11.1 AP/广东_贝赛斯国际学校/BASIS 长期科研项目/附件3：数、理、生竞赛师资介绍Teachers for MATH PHISICS&BIO.pdf
../途策 知识库/Training/01 General Information/11 GPA/11.1 AP/广东_贝赛斯国际学校/BASIS 长期科研项目/附件4：Introduction of 2022 Southern BIBS·C Schools Team Recruitment of HiMCM.pdf
../途策 知识库/Training/01 General Information/11 GPA/11.1 AP/广东_贝赛斯国际学校/BASIS 长期科研项目/附件4：计算机类竞赛师资介绍Teachers For Computer Science.pdf
../途策 知识库/Training/01 General Information/11 GPA/11.1 AP/广东_贝赛斯国际学校/BASIS 长期科研项目/附件5：Study Arrangement of Each Project.pdf
../途策 知识库/Training/01 General Information/11 GPA/11.1 AP/广东_贝赛斯国际学校/BIGZ Senior Project 2022-23.pdf
../途策 知识库/Training/01 General Information/11 GPA/11.1 AP/广东_贝赛斯国际学校/Grade 10 Course Selection 2022-2023.pdf
../途策 知识库/Training/01 General Information/11 GPA/11.1 AP/广东_贝赛斯国际学校/广州贝赛斯 Notes - 2022 Updates.docx
../途策 知识库/Training/01 General Information/11 GPA/11.1 AP/美国_Gunn/2021-2022 Student Handbook.pdf
../途策 知识库/Training/01 General Information/11 GPA/11.1 AP/美国_Gunn/CCOSchoolProfile.pdf
../途策 知识库/Training/01 General Information/11 GPA/11.1 AP/重庆_南开/南开国际课程中心毕业生就读学校统计（2010-2019）.pdf
../途策 知识库/Training/01 General Information/11 GPA/11.1 AP/重庆_南开/对话南开学子蔡向濛丨走进美国斯坦福大学的法宝：良师、良友、良机.pdf
../途策 知识库/Training/01 General Information/11 GPA/11.1 AP/重庆_南开/重庆南开中学国际课程中心2020届录取汇总.pdf
../途策 知识库/Training/01 General Information/11 GPA/11.1 AP/青岛_博格斯/2019_范德堡大学ED教育学_Jerry.pdf
../途策 知识库/Training/01 General Information/11 GPA/11.1 AP/青岛_博格斯/2019年录取结果.pdf
../途策 知识库/Training/01 General Information/11 GPA/11.1 AP/青岛_博格斯/2020_南加大和佐治亚理工_Alice.pdf
../途策 知识库/Training/01 General Information/11 GPA/11.1 AP/青岛_博格斯/21.03.06线上家长会--crystal.pdf
../途策 知识库/Training/01 General Information/11 GPA/11.1 AP/青岛_博格斯/【Notes】青岛博格斯 (1).docx
../途策 知识库/Training/01 General Information/11 GPA/11.1 AP/青岛_博格斯/【Notes】青岛博格斯 .docx
../途策 知识库/Training/01 General Information/11 GPA/11.1 AP/青岛_博格斯/活动规划之升级打怪20210306--YI.pptx
../途策 知识库/Training/01 General Information/11 GPA/11.1 AP/青岛_博格斯/青岛博格思加州学校国际高中班招生简章.pdf
../途策 知识库/Training/01 General Information/11 GPA/11.2 A-Level/All about A-Level.docx
../途策 知识库/Training/01 General Information/11 GPA/11.2 A-Level/CIE-2021-timetable-zone-5.pdf
../途策 知识库/Training/01 General Information/11 GPA/11.2 A-Level/南外中英班/南京外国语中英班notes.docx
../途策 知识库/Training/01 General Information/11 GPA/11.2 A-Level/深圳_深国交/2018录取结果.pdf
../途策 知识库/Training/01 General Information/11 GPA/11.2 A-Level/深圳_深国交/2019录取结果.pdf
../途策 知识库/Training/01 General Information/11 GPA/11.2 A-Level/深圳_深国交/2020录取结果.pdf
../途策 知识库/Training/01 General Information/11 GPA/11.2 A-Level/深圳_深国交/家长版-深国交4年案例.pdf
../途策 知识库/Training/01 General Information/11 GPA/11.2 A-Level/深圳_深国交/深国交 Notes - 2022 Update.docx
../途策 知识库/Training/01 General Information/11 GPA/11.2 A-Level/深圳_深国交/深国交2023美本录取发布.pdf
../途策 知识库/Training/01 General Information/11 GPA/11.3 IB/All about IB.docx
../途策 知识库/Training/01 General Information/11 GPA/11.3 IB/Math IA analyisis and approaches guide (1).pdf
../途策 知识库/Training/01 General Information/11 GPA/11.3 IB/Math IA analyisis and approaches guide .pdf
../途策 知识库/Training/01 General Information/11 GPA/11.3 IB/Math IA step 1.pdf
../途策 知识库/Training/01 General Information/11 GPA/11.3 IB/Shanghai American School_Course_Catalogue_2223_Dec15.pdf
../途策 知识库/Training/01 General Information/11 GPA/11.3 IB/UWC 常熟/Service Stream Zhi Xing Activity 2021-2022_Intro.docx
../途策 知识库/Training/01 General Information/11 GPA/11.3 IB/UWC 常熟/UWC Changshu Notes - 2022 update.docx
../途策 知识库/Training/01 General Information/11 GPA/11.3 IB/UWC 常熟/UWC Notes.docx
../途策 知识库/Training/01 General Information/11 GPA/11.3 IB/may-2021-exam-schedule-english-revised-v2.pdf
../途策 知识库/Training/01 General Information/11 GPA/11.3 IB/上海_七宝德怀特/2017年 七宝德怀特 申请录取情况.pdf
../途策 知识库/Training/01 General Information/11 GPA/11.3 IB/上海_七宝德怀特/2018年 七宝德怀特 申请录取结果.pdf
../途策 知识库/Training/01 General Information/11 GPA/11.3 IB/上海_七宝德怀特/2019年 七宝德怀特 申请录取结果.pdf
../途策 知识库/Training/01 General Information/11 GPA/11.3 IB/上海_七宝德怀特/2020年 七宝德怀特 申请录取结果.pdf
../途策 知识库/Training/01 General Information/11 GPA/11.3 IB/上海_七宝德怀特/IB_DP_Course_Prerequisites_Class_2021.pdf
../途策 知识库/Training/01 General Information/11 GPA/11.3 IB/上海_七宝德怀特/QDHS Course Selection Guide 选课指南 202111.pdf
../途策 知识库/Training/01 General Information/11 GPA/11.3 IB/上海_七宝德怀特/QDHS Course Selection Guide.pdf
../途策 知识库/Training/01 General Information/11 GPA/11.3 IB/上海_七宝德怀特/七宝德怀特 Note - 2022update.docx
../途策 知识库/Training/01 General Information/11 GPA/11.3 IB/上海_七宝德怀特/上海七德 2017 - 2022 录取结果 文章链接.txt
../途策 知识库/Training/01 General Information/11 GPA/11.3 IB/上海_上中国际/上中（IB）- Notes 2022.docx
../途策 知识库/Training/01 General Information/11 GPA/11.3 IB/上海_上中国际 IB Program Selective Survey.pdf
../途策 知识库/Training/01 General Information/11 GPA/11.3 IB/上海_世外/2022世外中学升学分享会+艺体+传媒+设计.docx
../途策 知识库/Training/01 General Information/11 GPA/11.3 IB/上海_世外/2022世外中学升学分享会+（社会学+人文+文化）.docx
../途策 知识库/Training/01 General Information/11 GPA/11.3 IB/上海_世外/世外Notes - 2022 Updates.docx
../途策 知识库/Training/01 General Information/11 GPA/11.3 IB/上海_包玉刚实验学校/YKPao School Profile.pdf
../途策 知识库/Training/01 General Information/11 GPA/11.3 IB/上海_包玉刚实验学校/包玉刚 Notes - 2022 update.docx
../途策 知识库/Training/01 General Information/11 GPA/11.3 IB/上海_包玉刚实验学校/包玉刚-高中课程手册2019-2021.pdf
../途策 知识库/Training/01 General Information/11 GPA/11.3 IB/上海_平和 IB/2021-2022 1st semester club fair 社团列表.pdf
../途策 知识库/Training/01 General Information/11 GPA/11.3 IB/上海_平和 IB/平和IB Notes - 2022 update.docx
../途策 知识库/Training/01 General Information/11 GPA/11.3 IB/上海_平和 IB/平和IBDP2020届录取结果.pdf
../途策 知识库/Training/01 General Information/11 GPA/11.3 IB/上海_平和 IB/平和IBDP2021届毕业生录取结果汇总.pdf
../途策 知识库/Training/01 General Information/11 GPA/11.3 IB/上海_平和 IB/课程介绍/CAS.pdf
../途策 知识库/Training/01 General Information/11 GPA/11.3 IB/上海_平和 IB/课程介绍/EE&TOK.pdf
../途策 知识库/Training/01 General Information/11 GPA/11.3 IB/上海_平和 IB/课程介绍/G1 中文A.pdf
../途策 知识库/Training/01 General Information/11 GPA/11.3 IB/上海_平和 IB/课程介绍/G1 英文A 文学.pdf
../途策 知识库/Training/01 General Information/11 GPA/11.3 IB/上海_平和 IB/课程介绍/G1 英文A 语言与文学.pdf
../途策 知识库/Training/01 General Information/11 GPA/11.3 IB/上海_平和 IB/课程介绍/G2 英文B.pdf
../途策 知识库/Training/01 General Information/11 GPA/11.3 IB/上海_平和 IB/课程介绍/G3 商务 地理 哲学 历史 心理.pdf
../途策 知识库/Training/01 General Information/11 GPA/11.3 IB/上海_平和 IB/课程介绍/G3 经济.pdf
../途策 知识库/Training/01 General Information/11 GPA/11.3 IB/上海_平和 IB/课程介绍/G4 化学 生物 环境.pdf
../途策 知识库/Training/01 General Information/11 GPA/11.3 IB/上海_平和 IB/课程介绍/G4 物理.pdf
../途策 知识库/Training/01 General Information/11 GPA/11.3 IB/上海_平和 IB/课程介绍/G5 数学.pdf
../途策 知识库/Training/01 General Information/11 GPA/11.3 IB/上海_平和 IB/课程介绍/G6 视觉艺术 音乐.pdf
../途策 知识库/Training/01 General Information/11 GPA/11.3 IB/上海_平和 IB/课程介绍/课程说明文件/CAS.pdf
../途策 知识库/Training/01 General Information/11 GPA/11.3 IB/上海_平和 IB/课程介绍/课程说明文件/EE&TOK.pdf
../途策 知识库/Training/01 General Information/11 GPA/11.3 IB/上海_平和 IB/课程介绍/课程说明文件/G1 中文A.pdf
../途策 知识库/Training/01 General Information/11 GPA/11.3 IB/上海_平和 IB/课程介绍/课程说明文件/G1 英文A 文学.pdf
../途策 知识库/Training/01 General Information/11 GPA/11.3 IB/上海_平和 IB/课程介绍/课程说明文件/G1 英文A 语言与文学.pdf
../途策 知识库/Training/01 General Information/11 GPA/11.3 IB/上海_平和 IB/课程介绍/课程说明文件/G2 英文B.pdf
../途策 知识库/Training/01 General Information/11 GPA/11.3 IB/上海_平和 IB/课程介绍/课程说明文件/G3 商务 地理 哲学 历史 心理.pdf
../途策 知识库/Training/01 General Information/11 GPA/11.3 IB/上海_平和 IB/课程介绍/课程说明文件/G3 经济.pdf
../途策 知识库/Training/01 General Information/11 GPA/11.3 IB/上海_平和 IB/课程介绍/课程说明文件/G4 化学 生物 环境.pdf
../途策 知识库/Training/01 General Information/11 GPA/11.3 IB/上海_平和 IB/课程介绍/课程说明文件/G4 物理.pdf
../途策 知识库/Training/01 General Information/11 GPA/11.3 IB/上海_平和 IB/课程介绍/课程说明文件/G5 数学.pdf
../途策 知识库/Training/01 General Information/11 GPA/11.3 IB/上海_平和 IB/课程介绍/课程说明文件/G6 视觉艺术 音乐.pdf
../途策 知识库/Training/01 General Information/11 GPA/11.3 IB/广东_碧桂园/CommonApp账号与Cialfo的关联.pdf
../途策 知识库/Training/01 General Information/11 GPA/11.3 IB/广东_碧桂园/碧桂园 AP IB school profile 2019-2020.pdf
../途策 知识库/Training/01 General Information/11 GPA/11.3 IB/广东_碧桂园/碧桂园IB Notes - 2022 update.docx
../途策 知识库/Training/01 General Information/11 GPA/国际课程体系AP IB Alevel.docx
../途策 知识库/Training/01 General Information/12 标化考试/12.1 TOEFL&IELTS/IELTS 写作/IELTS 高分写作模板.pdf
../途策 知识库/Training/01 General Information/12 标化考试/12.1 TOEFL&IELTS/IELTS 写作/Simon考官9分大作文范文合集.pdf
../途策 知识库/Training/01 General Information/12 标化考试/12.1 TOEFL&IELTS/TOEFL 写作/TOEFL_16篇独立范文-词组学习.pdf
../途策 知识库/Training/01 General Information/12 标化考试/12.1 TOEFL&IELTS/TOEFL 写作/写作八大话题语料积累.docx
../途策 知识库/Training/01 General Information/12 标化考试/12.1 TOEFL&IELTS/TPO听力按学科分类词汇.pdf
../途策 知识库/Training/01 General Information/12 标化考试/12.1 TOEFL&IELTS/托福真题/20160827/082716 (L).docx
../途策 知识库/Training/01 General Information/12 标化考试/12.1 TOEFL&IELTS/托福真题/20160827/082716 (R).docx
../途策 知识库/Training/01 General Information/12 标化考试/12.1 TOEFL&IELTS/托福真题/20160827/082716 (S).docx
../途策 知识库/Training/01 General Information/12 标化考试/12.1 TOEFL&IELTS/托福真题/20160827 2/082716 (L).docx
../途策 知识库/Training/01 General Information/12 标化考试/12.1 TOEFL&IELTS/托福真题/20160827 2/082716 (R).docx
../途策 知识库/Training/01 General Information/12 标化考试/12.1 TOEFL&IELTS/托福真题/20160827 2/082716 (S).docx
../途策 知识库/Training/01 General Information/12 标化考试/12.1 TOEFL&IELTS/托福真题/20161203/120316 (L).docx
../途策 知识库/Training/01 General Information/12 标化考试/12.1 TOEFL&IELTS/托福真题/20161203/120316 (R).docx
../途策 知识库/Training/01 General Information/12 标化考试/12.1 TOEFL&IELTS/托福真题/20161203/120316 (S).docx
../途策 知识库/Training/01 General Information/12 标化考试/12.1 TOEFL&IELTS/托福真题/20161203/120316 (W).docx
../途策 知识库/Training/01 General Information/12 标化考试/12.1 TOEFL&IELTS/托福真题/20161203/12月16年.docx
../途策 知识库/Training/01 General Information/12 标化考试/12.2 SAT&ACT/ACT下载链接.txt
../途策 知识库/Training/01 General Information/12 标化考试/12.2 SAT&ACT/How Do You Calculate SAT Score_ Raw and Scaled.pdf
../途策 知识库/Training/01 General Information/12 标化考试/12.2 SAT&ACT/New SAT&ACT/SAT-ACT 小说文学素养强化教程FV1.1.pdf
../途策 知识库/Training/01 General Information/12 标化考试/12.2 SAT&ACT/New SAT&ACT/阅读材料/[Arden Shakespeare_ Third Series] William Shakespeare, Katherine Duncan-Jones (editor) - Shakespeare's Sonnets (1997, Bloomsbury Arden Shakespeare) - libgen.li.pdf
../途策 知识库/Training/01 General Information/12 标化考试/12.2 SAT&ACT/SAT 真题/2016-2021.12SAT真题网盘链接.txt
../途策 知识库/Training/01 General Information/12 标化考试/12.2 SAT&ACT/SAT 真题/2020亚太真题SAT.pdf
../途策 知识库/Training/01 General Information/12 标化考试/12.2 SAT&ACT/SAT 真题/21年5月北美 SAT 真题.pdf
../途策 知识库/Training/01 General Information/12 标化考试/12.2 SAT&ACT/标化考试Standardized Test.docx
../途策 知识库/Training/01 General Information/12 标化考试/机构推荐.xlsx
../途策 知识库/Training/01 General Information/13 专业 & 选校/13.1 美国/13.1.1 综合性大学/1-普林斯顿大学.docx
../途策 知识库/Training/01 General Information/13 专业 & 选校/13.1 美国/13.1.1 综合性大学/16-华盛顿大学-圣路易斯.docx
../途策 知识库/Training/01 General Information/13 专业 & 选校/13.1 美国/13.1.1 综合性大学/2-哈佛大学.docx
../途策 知识库/Training/01 General Information/13 专业 & 选校/13.1 美国/13.1.1 综合性大学/20-UCLA.docx
../途策 知识库/Training/01 General Information/13 专业 & 选校/13.1 美国/13.1.1 综合性大学/3-哥伦比亚大学.docx
../途策 知识库/Training/01 General Information/13 专业 & 选校/13.1 美国/13.1.1 综合性大学/4-耶鲁大学.docx
../途策 知识库/Training/01 General Information/13 专业 & 选校/13.1 美国/13.1.1 综合性大学/4-麻省理工学院.docx
../途策 知识库/Training/01 General Information/13 专业 & 选校/13.1 美国/13.1.1 综合性大学/6-斯坦福大学.docx
../途策 知识库/Training/01 General Information/13 专业 & 选校/13.1 美国/13.1.1 综合性大学/6-芝加哥大学.docx
../途策 知识库/Training/01 General Information/13 专业 & 选校/13.1 美国/13.1.1 综合性大学/9-西北大学.docx
../途策 知识库/Training/01 General Information/13 专业 & 选校/13.1 美国/13.1.2 文理学院/各文理学院优缺点.docx
../途策 知识库/Training/01 General Information/13 专业 & 选校/13.1 美国/13.1.3 专业/Ivylabs美国常春藤教育交叉学科汇总.pdf
../途策 知识库/Training/01 General Information/13 专业 & 选校/13.1 美国/13.1.3 专业/Specific Majors/环境科学.pdf
../途策 知识库/Training/01 General Information/13 专业 & 选校/13.1 美国/13.1.3 专业/Specific Majors/神经科学.pdf
../途策 知识库/Training/01 General Information/13 专业 & 选校/13.1 美国/13.1.3 专业/Top 30大学音乐专业要求.docx
../途策 知识库/Training/01 General Information/13 专业 & 选校/13.1 美国/13.1.3 专业/商学院2020.3.26.pdf
../途策 知识库/Training/01 General Information/13 专业 & 选校/13.1 美国/13.1.3 专业/大学专业介绍.pdf
../途策 知识库/Training/01 General Information/13 专业 & 选校/13.1 美国/13.1.3 专业/浑朴-美本大学专业介绍及拓展.pdf
../途策 知识库/Training/01 General Information/13 专业 & 选校/13.1 美国/13.1.3 专业/浑朴工程介绍.pdf
../途策 知识库/Training/01 General Information/13 专业 & 选校/13.1 美国/13.1.3 专业/量化社科+数字人文介绍.docx
../途策 知识库/Training/01 General Information/13 专业 & 选校/13.1 美国/13.1.3 专业/音乐专业_文理学院 TOP30.docx
../途策 知识库/Training/01 General Information/13 专业 & 选校/13.1 美国/13.1.3 专业/音乐专业_综合TOP30.docx
../途策 知识库/Training/01 General Information/13 专业 & 选校/13.1 美国/2021 DDL.pdf
../途策 知识库/Training/01 General Information/13 专业 & 选校/13.1 美国/大学排名和申请轮设置(综合+文理）.docx
../途策 知识库/Training/01 General Information/13 专业 & 选校/13.1 美国/大学排名截止日期申请轮次和学院设置.xlsx
../途策 知识库/Training/01 General Information/13 专业 & 选校/13.1 美国/学长学姐带你飞-内部版.pdf
../途策 知识库/Training/01 General Information/13 专业 & 选校/13.1 美国/理解大学的要求.txt
../途策 知识库/Training/01 General Information/13 专业 & 选校/13.2 英国/Cambridge HSPS Reading/(Margaret Atwood) Atwood, Margaret - The Handmaid's Tale.pdf
../途策 知识库/Training/01 General Information/13 专业 & 选校/13.2 英国/Cambridge HSPS Reading/hspsaa_specification.pdf
../途策 知识库/Training/01 General Information/13 专业 & 选校/13.2 英国/Cambridge STEP exam/Step-2020-explanation-of-results.pdf
../途策 知识库/Training/01 General Information/13 专业 & 选校/13.2 英国/Cambridge STEP exam/Step-specification-2021.pdf
../途策 知识库/Training/01 General Information/13 专业 & 选校/13.2 英国/Cambridge_Guide to Completing the SAQ.pdf
../途策 知识库/Training/01 General Information/13 专业 & 选校/13.2 英国/Cambridge_admissions_statistics_2019_cycle_0.pdf
../途策 知识库/Training/01 General Information/13 专业 & 选校/13.2 英国/IC Aero EEE MAT/Sample_1.pdf
../途策 知识库/Training/01 General Information/13 专业 & 选校/13.2 英国/IC Aero EEE MAT/Sample_2.pdf
../途策 知识库/Training/01 General Information/13 专业 & 选校/13.2 英国/Oxbridge Math&Economics Majors & Requirements.docx
../途策 知识库/Training/01 General Information/13 专业 & 选校/13.2 英国/Oxford PPE Reading List 2022_0.pdf
../途策 知识库/Training/01 General Information/13 专业 & 选校/13.2 英国/Oxford-Annual Admissions Statistical Report 2020.pdf
../途策 知识库/Training/01 General Information/13 专业 & 选校/13.2 英国/Which colls 2022.pdf
../途策 知识库/Training/01 General Information/13 专业 & 选校/13.2 英国/剑桥大学语言学面试题目2021.docx
../途策 知识库/Training/01 General Information/13 专业 & 选校/13.2 英国/牛剑学院介绍PDF.pdf
../途策 知识库/Training/01 General Information/13 专业 & 选校/13.3 其他国家/Canada Universities Checklist.docx
../途策 知识库/Training/01 General Information/13 专业 & 选校/13.3 其他国家/HFI 2020 加拿大院校申请指引.pdf
../途策 知识库/Training/01 General Information/13 专业 & 选校/13.3 其他国家/Hongkong Univeristies Checklist.docx
../途策 知识库/Training/01 General Information/13 专业 & 选校/13.3 其他国家/加拿大UBC 热门专业介绍.docx
../途策 知识库/Training/01 General Information/13 专业 & 选校/13.3 其他国家/加拿大多伦多大学 学校介绍.docx
../途策 知识库/Training/01 General Information/13 专业 & 选校/13.3 其他国家/多伦多大学 Trinity College介绍.docx
../途策 知识库/Training/01 General Information/13 专业 & 选校/13.3 其他国家/多伦多大学Rotman商学院面试 解读.docx
../途策 知识库/Training/01 General Information/13 专业 & 选校/13.5 美国文书/Why programs 怎么写/NYU 3.pdf
../途策 知识库/Training/01 General Information/13 专业 & 选校/13.5 美国文书/Why programs 怎么写/Serene Zhang - NYU - finalized 12.30.pdf
../途策 知识库/Training/01 General Information/13 专业 & 选校/13.5 美国文书/Why programs 怎么写/陈嘉悦why NYU20191030.pdf
../途策 知识库/Training/01 General Information/13 专业 & 选校/13.6 如何选校/ED EA选校模板 7.31.pptx
../途策 知识库/Training/01 General Information/13 专业 & 选校/13.6 如何选校/各文理学院优缺点.docx
../途策 知识库/Training/01 General Information/13 专业 & 选校/13.6 如何选校/大学排名和申请轮设置(综合+文理）.docx
../途策 知识库/Training/01 General Information/13 专业 & 选校/13.6 如何选校/浑朴内部培训ED选校.pptx
../途策 知识库/Training/01 General Information/13 专业 & 选校/13.6 如何选校/申请季选校数据库-2022.11.23.xlsx
../途策 知识库/Training/01 General Information/13 专业 & 选校/13.6 如何选校/申请季选校数据库-2022.9.14更新.xlsx
../途策 知识库/Training/01 General Information/14 背景提升-学科/141 人文 社科/HIR/Autumn Wang.pdf
../途策 知识库/Training/01 General Information/14 背景提升-学科/141 人文 社科/HIR/HIR Contest Submission Guide.pdf
../途策 知识库/Training/01 General Information/14 背景提升-学科/141 人文 社科/HIR/Ke Ni.pdf
../途策 知识库/Training/01 General Information/14 背景提升-学科/141 人文 社科/HIR/Nianjia Yang.pdf
../途策 知识库/Training/01 General Information/14 背景提升-学科/141 人文 社科/HIR/Qiran Sun.pdf
../途策 知识库/Training/01 General Information/14 背景提升-学科/141 人文 社科/HIR/Siwen Cui.pdf
../途策 知识库/Training/01 General Information/14 背景提升-学科/141 人文 社科/HIR/Writing Strategies Lesson (Session 5).pdf
../途策 知识库/Training/01 General Information/14 背景提升-学科/141 人文 社科/HIR/Yifan Qiao.pdf
../途策 知识库/Training/01 General Information/14 背景提升-学科/141 人文 社科/IOWA YOUNG WRITER'S online course Essay Prompts/IOWA YOUNG WRITER'S Online Course-Essay prompts-0915.docx
../途策 知识库/Training/01 General Information/14 背景提升-学科/141 人文 社科/IOWA YOUNG WRITER'S online course Essay Prompts/parental permission form spring 2022.pdf
../途策 知识库/Training/01 General Information/14 背景提升-学科/141 人文 社科/IOWA YOUNG WRITER'S online course Essay Prompts/teacher statement of support guidelines.pdf
../途策 知识库/Training/01 General Information/14 背景提升-学科/141 人文 社科/John Locke Essay Contest/2019-2020 Sample essays/2019 First Prize Economics E... _ johnlockeinstitute.pdf
../途策 知识库/Training/01 General Information/14 背景提升-学科/141 人文 社科/John Locke Essay Contest/2019-2020 Sample essays/2019 First Prize History E... _ johnlockeinstitute.pdf
../途策 知识库/Training/01 General Information/14 背景提升-学科/141 人文 社科/John Locke Essay Contest/2019-2020 Sample essays/2019 First Prize Philosophy Essay _ johnlockeinstitute.pdf
../途策 知识库/Training/01 General Information/14 背景提升-学科/141 人文 社科/John Locke Essay Contest/2019-2020 Sample essays/2019 First Prize Politics E... _ johnlockeinstitute.pdf
../途策 知识库/Training/01 General Information/14 背景提升-学科/141 人文 社科/John Locke Essay Contest/2019-2020 Sample essays/2019 First Prize Theology E... _ johnlockeinstitute.pdf
../途策 知识库/Training/01 General Information/14 背景提升-学科/141 人文 社科/John Locke Essay Contest/2019-2020 Sample essays/2020 First Prize Politics Essay _ johnlockeinstitute.pdf
../途策 知识库/Training/01 General Information/14 背景提升-学科/141 人文 社科/John Locke Essay Contest/2019-2020 Sample essays/2020 First Prize Theology Essay _ johnlockeinstitute.pdf
../途策 知识库/Training/01 General Information/14 背景提升-学科/141 人文 社科/John Locke Essay Contest/2019-2020 Sample essays/2020 Second Prize Politics Essay _ johnlockeinstitute.pdf
../途策 知识库/Training/01 General Information/14 背景提升-学科/141 人文 社科/John Locke Essay Contest/2019-2020 Sample essays/2020 Third Prize Politics Essay _ johnlockeinstitute.pdf
../途策 知识库/Training/01 General Information/14 背景提升-学科/141 人文 社科/John Locke Essay Contest/Ada - Locke Question 2 - ver.3 - edits and comments.docx
../途策 知识库/Training/01 General Information/14 背景提升-学科/141 人文 社科/John Locke Essay Contest/Ada - Question 2(ver.4) - Final.docx
../途策 知识库/Training/01 General Information/14 背景提升-学科/141 人文 社科/John Locke Essay Contest/Ada Xia/Ada - John Locke - v2withcomments.docx
../途策 知识库/Training/01 General Information/14 背景提升-学科/141 人文 社科/John Locke Essay Contest/Ada Xia/Ada - John Locke.docx
../途策 知识库/Training/01 General Information/14 背景提升-学科/141 人文 社科/John Locke Essay Contest/Ada Xia/Ada - Locke Question 2 - ver.2.docx
../途策 知识库/Training/01 General Information/14 背景提升-学科/141 人文 社科/John Locke Essay Contest/Ada Xia/Ada - Locke Question 2 - ver.3.docx
../途策 知识库/Training/01 General Information/14 背景提升-学科/141 人文 社科/John Locke Essay Contest/Ada Xia/Question 2(ver.4).docx
../途策 知识库/Training/01 General Information/14 背景提升-学科/141 人文 社科/John Locke Essay Contest/Alexis Huang/Alexis-John Locke Essay Competition -  v0(1).docx
../途策 知识库/Training/01 General Information/14 背景提升-学科/141 人文 社科/John Locke Essay Contest/Alexis Huang/Alexis-John Locke Essay Competition -  v0-MLrevised(1).docx
../途策 知识库/Training/01 General Information/14 背景提升-学科/141 人文 社科/John Locke Essay Contest/Ariel Locke Draft_3 (1) 2.docx
../途策 知识库/Training/01 General Information/14 背景提升-学科/141 人文 社科/John Locke Essay Contest/Ariel Locke Draft_3 - with comments.docx
../途策 知识库/Training/01 General Information/14 背景提升-学科/141 人文 社科/John Locke Essay Contest/Ariel Locke Draft_3withcomments.docx
../途策 知识库/Training/01 General Information/14 背景提升-学科/141 人文 社科/John Locke Essay Contest/Ariel Locke Draft_4-Edited.docx
../途策 知识库/Training/01 General Information/14 背景提升-学科/141 人文 社科/John Locke Essay Contest/Ariel Locke Draft_4.docx
../途策 知识库/Training/01 General Information/14 背景提升-学科/141 人文 社科/John Locke Essay Contest/Ariel Yu/Ariel Locke Draft_2.docx
../途策 知识库/Training/01 General Information/14 背景提升-学科/141 人文 社科/John Locke Essay Contest/Ariel Yu/Ariel Locke Draft_3.docx
../途策 知识库/Training/01 General Information/14 背景提升-学科/141 人文 社科/John Locke Essay Contest/Ariel Yu/Ariel Locke Draft_4.docx
../途策 知识库/Training/01 General Information/14 背景提升-学科/141 人文 社科/John Locke Essay Contest/Ariel Yu/Ariel Yu JLE_Outline.docx
../途策 知识库/Training/01 General Information/14 背景提升-学科/141 人文 社科/John Locke Essay Contest/Ariel Yu/Body-Outline with comments.docx
../途策 知识库/Training/01 General Information/14 背景提升-学科/141 人文 社科/John Locke Essay Contest/Ariel Yu/Draft_2 with comments.docx
../途策 知识库/Training/01 General Information/14 背景提升-学科/141 人文 社科/John Locke Essay Contest/Danny Liang/Danny Liang - John Locke - Finalized.docx
../途策 知识库/Training/01 General Information/14 背景提升-学科/141 人文 社科/John Locke Essay Contest/Danny Liang/Danny Liang - John Locke Politics Q1.docx
../途策 知识库/Training/01 General Information/14 背景提升-学科/141 人文 社科/John Locke Essay Contest/Danny Liang/Danny Liang John Locke History Prison First Draft - with comments.docx
../途策 知识库/Training/01 General Information/14 背景提升-学科/141 人文 社科/John Locke Essay Contest/Danny Liang/Danny Liang John Locke History Prison First Draft.docx
../途策 知识库/Training/01 General Information/14 背景提升-学科/141 人文 社科/John Locke Essay Contest/Danny Liang/John Locke v3.docx
../途策 知识库/Training/01 General Information/14 背景提升-学科/141 人文 社科/John Locke Essay Contest/Danny Liang/Outlining of How did there come to be so many pr.docx
../途策 知识库/Training/01 General Information/14 背景提升-学科/141 人文 社科/John Locke Essay Contest/Danny Liang/U.S. Incarceration Rates Outline - with comments.docx
../途策 知识库/Training/01 General Information/14 背景提升-学科/141 人文 社科/John Locke Essay Contest/John Locke v3-Finalized.docx
../途策 知识库/Training/01 General Information/14 背景提升-学科/141 人文 社科/John Locke Essay Contest/Question 2(ver.4) - Final.docx
../途策 知识库/Training/01 General Information/14 背景提升-学科/141 人文 社科/John Locke Essay Contest/Sherman - John Locke - second (partial) draft - with comments.docx
../途策 知识库/Training/01 General Information/14 背景提升-学科/141 人文 社科/John Locke Essay Contest/Sherman Liu/John Locke last draft.docx
../途策 知识库/Training/01 General Information/14 背景提升-学科/141 人文 社科/John Locke Essay Contest/Sherman Liu/John-Locke-first-draft with comments.docx
../途策 知识库/Training/01 General Information/14 背景提升-学科/141 人文 社科/John Locke Essay Contest/Sherman Liu/Sherman - John Locke - first draft.docx
../途策 知识库/Training/01 General Information/14 背景提升-学科/141 人文 社科/John Locke Essay Contest/Sherman Liu/Sherman - John Locke - second (partial) draft.docx
../途策 知识库/Training/01 General Information/14 背景提升-学科/141 人文 社科/John Locke Essay Contest/Sherman Liu/Sherman Liu - Final Draft - edited.docx
../途策 知识库/Training/01 General Information/14 背景提升-学科/141 人文 社科/John Locke Essay Contest/Sherman Liu/Sherman Liu - John Locke.docx
../途策 知识库/Training/01 General Information/14 背景提升-学科/141 人文 社科/John Locke Essay Contest/Teresa - John Locke Essay - v1.0withcomments.docx
../途策 知识库/Training/01 General Information/14 背景提升-学科/141 人文 社科/John Locke Essay Contest/Teresa--John Locke Essay writing 3- Finalized.docx
../途策 知识库/Training/01 General Information/14 背景提升-学科/141 人文 社科/John Locke Essay Contest/Teresa--John Locke Essay writing 3.docx
../途策 知识库/Training/01 General Information/14 背景提升-学科/141 人文 社科/John Locke Essay Contest/YU_ Zhihan.doc
../途策 知识库/Training/01 General Information/14 背景提升-学科/141 人文 社科/John Locke Essay Contest/Yuri/YU, Zhihan.doc
../途策 知识库/Training/01 General Information/14 背景提升-学科/141 人文 社科/John Locke Essay Contest/Yuri/Yuri 2nd Draft.docx
../途策 知识库/Training/01 General Information/14 背景提升-学科/141 人文 社科/John Locke Essay Contest/Yuri/Yuri_1st draft.docx
../途策 知识库/Training/01 General Information/14 背景提升-学科/141 人文 社科/John Locke Essay Contest/Yuri/Yuri_Hopefully Finalized.doc
../途策 知识库/Training/01 General Information/14 背景提升-学科/141 人文 社科/John Locke Essay Contest/Yuri - Draft 2 - Almost Finalized.doc
../途策 知识库/Training/01 General Information/14 背景提升-学科/141 人文 社科/John Locke Essay Contest/Yuri - Draft 2 - Finalized.doc
../途策 知识库/Training/01 General Information/14 背景提升-学科/141 人文 社科/John Locke Essay Contest/Yuri 1st Draft - with comments.docx
../途策 知识库/Training/01 General Information/14 背景提升-学科/141 人文 社科/John Locke Essay Contest/file_96332135_John Locke last draft - 複本.docx
../途策 知识库/Training/01 General Information/14 背景提升-学科/141 人文 社科/Positive Discovery Research (PDR)/Positive Discovery Research中文说明.pdf
../途策 知识库/Training/01 General Information/14 背景提升-学科/141 人文 社科/Princeton 10-min Script/10-Min-Play-The-Old-Man-and-the-Thousand-Cranes_by-Hoonsun-Lee.pdf
../途策 知识库/Training/01 General Information/14 背景提升-学科/141 人文 社科/Princeton 10-min Script/10-Min-play-Its-Only-A-Cardboard-Moon_by-Anya-Jimenez.pdf
../途策 知识库/Training/01 General Information/14 背景提升-学科/141 人文 社科/Princeton 10-min Script/10-min-play-KHAN_by-Kiran-Rajagopal.pdf
../途策 知识库/Training/01 General Information/14 背景提升-学科/141 人文 社科/Social Innovation/2020-2021 社会创新项目2.0.pdf
../途策 知识库/Training/01 General Information/14 背景提升-学科/141 人文 社科/Social Innovation/Social Project 2.0-Catalyst Education-20-21.pdf
../途策 知识库/Training/01 General Information/14 背景提升-学科/141 人文 社科/Social Innovation/Social Project 2.0-Huafu International Department, The Affiliated High School Of SCNU-Team 1-19-20.pdf
../途策 知识库/Training/01 General Information/14 背景提升-学科/141 人文 社科/Social Innovation/流程.docx
../途策 知识库/Training/01 General Information/14 背景提升-学科/141 人文 社科/Stanford Humanites/Ariel Yu (offer)/Ariel Yu - SSHI - final review 3.10.docx
../途策 知识库/Training/01 General Information/14 背景提升-学科/141 人文 社科/Stanford Humanites/Ava Shi 2019/Ava Shi - SSHI all prompts - final [withcomments edits].docx
../途策 知识库/Training/01 General Information/14 背景提升-学科/141 人文 社科/Stanford Humanites/Ava Shi 2019/Si Shi SHI1-JEFFERSON evaluation.pdf
../途策 知识库/Training/01 General Information/14 背景提升-学科/141 人文 社科/Stanford Humanites/Ava Shi 2019/Writing Sample.docx
../途策 知识库/Training/01 General Information/14 背景提升-学科/141 人文 社科/Stanford Humanites/Offer_Ariel Yu/Ariel Yu - SSHI - final review 3.10.docx
../途策 知识库/Training/01 General Information/14 背景提升-学科/141 人文 社科/Stanford Humanites/Offer_Ariel Yu/Ariel Yu - SSHI Activities-v2.docx
../途策 知识库/Training/01 General Information/14 背景提升-学科/141 人文 社科/Stanford Humanites/Offer_Ariel Yu/Ariel Yu - SSHI Video Essay -v1.docx
../途策 知识库/Training/01 General Information/14 背景提升-学科/141 人文 社科/Stanford Humanites/Offer_Ariel Yu/Yu Qianhui_G11 transcript.pdf
../途策 知识库/Training/01 General Information/14 背景提升-学科/141 人文 社科/Stanford Humanites/Offer_Ryan Zhang/Ryan Zhang - SSHI - finalized 3.9.docx
../途策 知识库/Training/01 General Information/14 背景提升-学科/141 人文 社科/Stanford Humanites/Offer_Ryan Zhang/Ryan Zhang- Activities & Honors2021 - edited 3.10.docx
../途策 知识库/Training/01 General Information/14 背景提升-学科/141 人文 社科/Stanford Humanites/Offer_Ryan Zhang/Yuran Zhang - Transcript as of year 11 fall semester.pdf
../途策 知识库/Training/01 General Information/14 背景提升-学科/141 人文 社科/Stanford Humanites/SSHI Notes.docx
../途策 知识库/Training/01 General Information/14 背景提升-学科/141 人文 社科/Stanford Humanites/Waitlist_Helena Cao/Helena - SSHI activity list - edited.docx
../途策 知识库/Training/01 General Information/14 背景提升-学科/141 人文 社科/Stanford Humanites/Waitlist_Helena Cao/Helena Cao - SSHI - final review 3.9 v1.docx
../途策 知识库/Training/01 General Information/14 背景提升-学科/141 人文 社科/Stanford Humanites/Waitlist_Helena Cao/Helena Cao - SSHI Video Essay - v1withcomments.docx
../途策 知识库/Training/01 General Information/14 背景提升-学科/141 人文 社科/Stanford Humanites/Waitlist_Helena Cao/Helena Cao profile.txt
../途策 知识库/Training/01 General Information/14 背景提升-学科/141 人文 社科/Stanford Humanites/Waitlist_Herbert Zhao/G9-11 Transcript.pdf
../途策 知识库/Training/01 General Information/14 背景提升-学科/141 人文 社科/Stanford Humanites/Waitlist_Herbert Zhao/Herbert Zhao - Activities & Honors 2021 - v3 with comments.docx
../途策 知识库/Training/01 General Information/14 背景提升-学科/141 人文 社科/Stanford Humanites/Waitlist_Herbert Zhao/Herbert Zhao - SSHI - Finalized 2.28.docx
../途策 知识库/Training/01 General Information/14 背景提升-学科/141 人文 社科/Stanford Humanites/Waitlist_Teresa Chen/Teresa - SSHI Activities - Finalised.docx
../途策 知识库/Training/01 General Information/14 背景提升-学科/141 人文 社科/Stanford Humanites/Waitlist_Teresa Chen/Teresa Chen - Stanford Summer Humanities - final review 3.10.docx
../途策 知识库/Training/01 General Information/14 背景提升-学科/141 人文 社科/Stanford Humanites/Waitlist_Vivian Wang/SSHI Video Essay - Vivian W - V1.docx
../途策 知识库/Training/01 General Information/14 背景提升-学科/141 人文 社科/Stanford Humanites/Waitlist_Vivian Wang/Vivian Wang - Stanford Summer -  Final 3.10.docx
../途策 知识库/Training/01 General Information/14 背景提升-学科/141 人文 社科/YIC/YIC-How to Manage Your Project.pdf
../途策 知识库/Training/01 General Information/14 背景提升-学科/141 人文 社科/YIC/Youth Impact Communication-Catalyst Education-Team 2.pdf
../途策 知识库/Training/01 General Information/14 背景提升-学科/141 人文 社科/YIC/青年影响力：如何为一个影响力行动选题.pdf
../途策 知识库/Training/01 General Information/14 背景提升-学科/141 人文 社科/YOC/YOC 2022/220520Delilah-YOC选题说明/Catalyst-YOC选题说明-20220520.pdf
../途策 知识库/Training/01 General Information/14 背景提升-学科/141 人文 社科/YOC/YOC 2022/220520Delilah-YOC选题说明/Catalyst-YOC选题说明-20220520.pptx
../途策 知识库/Training/01 General Information/14 背景提升-学科/141 人文 社科/YOC/YOC 2022/220520Delilah-YOC选题说明/YOC 时间表.pdf
../途策 知识库/Training/01 General Information/14 背景提升-学科/141 人文 社科/YOC/YOC 2022/YOC RUBRICS.pdf
../途策 知识库/Training/01 General Information/14 背景提升-学科/141 人文 社科/YOC/YOC 2022/YOC 指导老师GUIDE-2022.pdf
../途策 知识库/Training/01 General Information/14 背景提升-学科/141 人文 社科/YOC/YOC 2022/YOC青年观察报告-推荐阅读作品.pdf
../途策 知识库/Training/01 General Information/14 背景提升-学科/141 人文 社科/YOC/YOC 2022/Youth Observation-Catalyst Team 1-Sotto Portico.pdf
../途策 知识库/Training/01 General Information/14 背景提升-学科/141 人文 社科/YOC/YOC 2022/Youth Observation-Catalyst Team 2-Women Living Alone.pdf
../途策 知识库/Training/01 General Information/14 背景提升-学科/141 人文 社科/YOC/YOC 2022/Youth Observation-Catalyst Team 3-Hanjiang.pdf
../途策 知识库/Training/01 General Information/14 背景提升-学科/141 人文 社科/YOC/YOC 2022/Youth Observation-Catalyst Team 4-Old Drifters.pdf
../途策 知识库/Training/01 General Information/14 背景提升-学科/141 人文 社科/YOC/YOC 2022/Youth Observation-Catalyst Team 5-Thangka Artists.pdf
../途策 知识库/Training/01 General Information/14 背景提升-学科/141 人文 社科/YOC/YOC 2022/调查报告说明细则-中文版.pdf
../途策 知识库/Training/01 General Information/14 背景提升-学科/141 人文 社科/YOC/YOC 2022/调查报告说明细则-英文版.pdf
../途策 知识库/Training/01 General Information/14 背景提升-学科/141 人文 社科/YOC/YOC 比赛分析/Batik & Miao Culture.docx
../途策 知识库/Training/01 General Information/14 背景提升-学科/141 人文 社科/YOC/YOC 比赛分析/Esperanto.pdf
../途策 知识库/Training/01 General Information/14 背景提升-学科/141 人文 社科/YOC/YOC 比赛分析/YOC 比赛分析.docx
../途策 知识库/Training/01 General Information/14 背景提升-学科/141 人文 社科/YOC/YOC 比赛分析/YOC 比赛分析.pdf
../途策 知识库/Training/01 General Information/14 背景提升-学科/141 人文 社科/YOC/YOC 比赛分析/YOC2020-Health Code.pdf
../途策 知识库/Training/01 General Information/14 背景提升-学科/141 人文 社科/YOC/Youth Observation 2019-20 项目手册.pdf
../途策 知识库/Training/01 General Information/14 背景提升-学科/141 人文 社科/YOC/世界语小组/Group Meeting Notes 5.6 .docx
../途策 知识库/Training/01 General Information/14 背景提升-学科/141 人文 社科/YOC/世界语小组/Role Distribute.xlsx
../途策 知识库/Training/01 General Information/14 背景提升-学科/141 人文 社科/YOC/世界语小组/Sunny interview--刘晓哲(绿网创办者).docx
../途策 知识库/Training/01 General Information/14 背景提升-学科/141 人文 社科/YOC/世界语小组/YOC Esperanto_v1 withcomments.docx
../途策 知识库/Training/01 General Information/14 背景提升-学科/141 人文 社科/YOC/世界语小组/YOC meeting notes 4.14.docx
../途策 知识库/Training/01 General Information/14 背景提升-学科/141 人文 社科/YOC/世界语小组/YOC_Esperanto v2 withcomments.docx
../途策 知识库/Training/01 General Information/14 背景提升-学科/141 人文 社科/YOC/世界语小组/YOC_Esperanto v3 withcomments.docx
../途策 知识库/Training/01 General Information/14 背景提升-学科/141 人文 社科/YOC/世界语小组/YOC_Esperanto v5 - Edited.docx
../途策 知识库/Training/01 General Information/14 背景提升-学科/141 人文 社科/YOC/世界语小组/YOC_Esperanto v5.docx
../途策 知识库/Training/01 General Information/14 背景提升-学科/141 人文 社科/YOC/世界语小组/YOC_Esperanto v6.pdf
../途策 知识库/Training/01 General Information/14 背景提升-学科/141 人文 社科/YOC/世界语小组/YOC_HFI_Getting Started 4.22.docx
../途策 知识库/Training/01 General Information/14 背景提升-学科/141 人文 社科/中南屋/2021中南屋夏季项目表.2021.04.22.xlsx
../途策 知识库/Training/01 General Information/14 背景提升-学科/141 人文 社科/中南屋/2021暑期项目书合集2021.04.22/暑期线上/“缅甸NGO如何看中国”研究项目.pdf
../途策 知识库/Training/01 General Information/14 背景提升-学科/141 人文 社科/中南屋/2021暑期项目书合集2021.04.22/暑期线上/妇女儿童NGO研究项目.pdf
../途策 知识库/Training/01 General Information/14 背景提升-学科/141 人文 社科/中南屋/2021暑期项目书合集2021.04.22/暑期线下/义乌国际商贸公益调研项目.pdf
../途策 知识库/Training/01 General Information/14 背景提升-学科/141 人文 社科/中南屋/2021暑期项目书合集2021.04.22/暑期线下/云南边境妇女儿童公益调研项目.pdf
../途策 知识库/Training/01 General Information/14 背景提升-学科/141 人文 社科/中南屋/2021暑期项目书合集2021.04.22/暑期线下/南京水污染公益调研项目.pdf
../途策 知识库/Training/01 General Information/14 背景提升-学科/141 人文 社科/中南屋/2021暑期项目书合集2021.04.22/暑期线下/新疆公益调研项目.pdf
../途策 知识库/Training/01 General Information/14 背景提升-学科/141 人文 社科/乡村笔记20220507/1.3 营前家长答疑问题汇总.docx
../途策 知识库/Training/01 General Information/14 背景提升-学科/141 人文 社科/乡村笔记20220507/10广西柳州螺蛳粉社会调研项目（7天）.pdf
../途策 知识库/Training/01 General Information/14 背景提升-学科/141 人文 社科/乡村笔记20220507/11潮州乡土非遗公益网络营销项目（5天）.pdf
../途策 知识库/Training/01 General Information/14 背景提升-学科/141 人文 社科/乡村笔记20220507/12上海东庄乡村文旅开发调研项目（3天）.pdf
../途策 知识库/Training/01 General Information/14 背景提升-学科/141 人文 社科/乡村笔记20220507/13广东韶关瑶族文化社会调研项目（7天）.pdf
../途策 知识库/Training/01 General Information/14 背景提升-学科/141 人文 社科/乡村笔记20220507/1延边州朝鲜族乡土文创设计项目（7天）.pdf
../途策 知识库/Training/01 General Information/14 背景提升-学科/141 人文 社科/乡村笔记20220507/2022暑假项目/10广西柳州螺蛳粉社会调研项目（7天）.docx
../途策 知识库/Training/01 General Information/14 背景提升-学科/141 人文 社科/乡村笔记20220507/2022暑假项目/10广西柳州螺蛳粉社会调研项目（7天）.pdf
../途策 知识库/Training/01 General Information/14 背景提升-学科/141 人文 社科/乡村笔记20220507/2022暑假项目/11潮州乡土非遗公益网络营销项目（5天）.docx
../途策 知识库/Training/01 General Information/14 背景提升-学科/141 人文 社科/乡村笔记20220507/2022暑假项目/11潮州乡土非遗公益网络营销项目（5天）.pdf
../途策 知识库/Training/01 General Information/14 背景提升-学科/141 人文 社科/乡村笔记20220507/2022暑假项目/12上海东庄乡村文旅开发调研项目（3天）.docx
../途策 知识库/Training/01 General Information/14 背景提升-学科/141 人文 社科/乡村笔记20220507/2022暑假项目/12上海东庄乡村文旅开发调研项目（3天）.pdf
../途策 知识库/Training/01 General Information/14 背景提升-学科/141 人文 社科/乡村笔记20220507/2022暑假项目/13广东韶关瑶族文化社会调研项目（7天）.docx
../途策 知识库/Training/01 General Information/14 背景提升-学科/141 人文 社科/乡村笔记20220507/2022暑假项目/13广东韶关瑶族文化社会调研项目（7天）.pdf
../途策 知识库/Training/01 General Information/14 背景提升-学科/141 人文 社科/乡村笔记20220507/2022暑假项目/1延边州朝鲜族乡土文创设计项目（7天）.docx
../途策 知识库/Training/01 General Information/14 背景提升-学科/141 人文 社科/乡村笔记20220507/2022暑假项目/1延边州朝鲜族乡土文创设计项目（7天）.pdf
../途策 知识库/Training/01 General Information/14 背景提升-学科/141 人文 社科/乡村笔记20220507/2022暑假项目/2川西民族地区村落文旅开发项目（7天）.docx
../途策 知识库/Training/01 General Information/14 背景提升-学科/141 人文 社科/乡村笔记20220507/2022暑假项目/2川西民族地区村落文旅开发项目（7天）.pdf
../途策 知识库/Training/01 General Information/14 背景提升-学科/141 人文 社科/乡村笔记20220507/2022暑假项目/3安徽黄山徽派建筑设计营造项目（7天）.docx
../途策 知识库/Training/01 General Information/14 背景提升-学科/141 人文 社科/乡村笔记20220507/2022暑假项目/3安徽黄山徽派建筑设计营造项目（7天）.pdf
../途策 知识库/Training/01 General Information/14 背景提升-学科/141 人文 社科/乡村笔记20220507/2022暑假项目/4上海崇明海岛民族志调研项目（5天）.doc
../途策 知识库/Training/01 General Information/14 背景提升-学科/141 人文 社科/乡村笔记20220507/2022暑假项目/4上海崇明海岛民族志调研项目（5天）.pdf
../途策 知识库/Training/01 General Information/14 背景提升-学科/141 人文 社科/乡村笔记20220507/2022暑假项目/5福建小京村海滩影像记录项目（7天）.docx
../途策 知识库/Training/01 General Information/14 背景提升-学科/141 人文 社科/乡村笔记20220507/2022暑假项目/5福建小京村海滩影像记录项目（7天）.pdf
../途策 知识库/Training/01 General Information/14 背景提升-学科/141 人文 社科/乡村笔记20220507/2022暑假项目/6川西高原羌族村落影像记录项目（7天）.docx
../途策 知识库/Training/01 General Information/14 背景提升-学科/141 人文 社科/乡村笔记20220507/2022暑假项目/6川西高原羌族村落影像记录项目（7天）.pdf
../途策 知识库/Training/01 General Information/14 背景提升-学科/141 人文 社科/乡村笔记20220507/2022暑假项目/7湖南湘西沅江流域文学采风项目（7天）.docx
../途策 知识库/Training/01 General Information/14 背景提升-学科/141 人文 社科/乡村笔记20220507/2022暑假项目/7湖南湘西沅江流域文学采风项目（7天）.pdf
../途策 知识库/Training/01 General Information/14 背景提升-学科/141 人文 社科/乡村笔记20220507/2022暑假项目/8徽州乡土非遗公益网络营销项目（5天）.docx
../途策 知识库/Training/01 General Information/14 背景提升-学科/141 人文 社科/乡村笔记20220507/2022暑假项目/8徽州乡土非遗公益网络营销项目（5天）.pdf
../途策 知识库/Training/01 General Information/14 背景提升-学科/141 人文 社科/乡村笔记20220507/2022暑假项目/9苏州运河古镇人类学调研项目（5天）.doc
../途策 知识库/Training/01 General Information/14 背景提升-学科/141 人文 社科/乡村笔记20220507/2022暑假项目/9苏州运河古镇人类学调研项目（5天）.pdf
../途策 知识库/Training/01 General Information/14 背景提升-学科/141 人文 社科/乡村笔记20220507/5福建小京村海滩影像记录项目（7天）.pdf
../途策 知识库/Training/01 General Information/14 背景提升-学科/141 人文 社科/乡村笔记20220507/6川西高原羌族村落影像记录项目（天）.pdf
../途策 知识库/Training/01 General Information/14 背景提升-学科/141 人文 社科/乡村笔记20220507/7湖南湘西沅江流域文学采风项目（7天）.pdf
../途策 知识库/Training/01 General Information/14 背景提升-学科/141 人文 社科/乡村笔记20220507/8徽州乡土非遗公益网络营销项目（5天）.pdf
../途策 知识库/Training/01 General Information/14 背景提升-学科/141 人文 社科/乡村笔记20220507/“一带一路”对外文化国际志愿者项目.pdf
../途策 知识库/Training/01 General Information/14 背景提升-学科/141 人文 社科/乡村笔记20220507/乡村笔记项目合计.xlsx
../途策 知识库/Training/01 General Information/14 背景提升-学科/141 人文 社科/乡村笔记20220507/读写中国.pdf
../途策 知识库/Training/01 General Information/14 背景提升-学科/141 人文 社科/元培少年学者/YSA-元培少年学者(Yuanpei Young Scholars)世界名校学术科研项目重点学校推荐通道招生简章-2022-23 秋冬季.pdf
../途策 知识库/Training/01 General Information/14 背景提升-学科/141 人文 社科/元培少年学者/元培少年学者历届课题方向举例（部分）.pdf
../途策 知识库/Training/01 General Information/14 背景提升-学科/141 人文 社科/元培少年学者/附件3：元培少年学者计划校内推荐申请表.docx
../途策 知识库/Training/01 General Information/14 背景提升-学科/141 人文 社科/此面向上 20220507/0 品牌介绍+项目汇总/2022此面向上项目列表汇总.xlsx
../途策 知识库/Training/01 General Information/14 背景提升-学科/141 人文 社科/此面向上 20220507/0 品牌介绍+项目汇总/此面向上创新教育产品简介.pdf
../途策 知识库/Training/01 General Information/14 背景提升-学科/141 人文 社科/此面向上 20220507/0 品牌介绍+项目汇总/项目手册（无品牌）.pdf
../途策 知识库/Training/01 General Information/14 背景提升-学科/141 人文 社科/此面向上 20220507/1 创益青年实地项目/咨询辅助工具/宣传文案/创益青年课题宣传简介.docx
../途策 知识库/Training/01 General Information/14 背景提升-学科/141 人文 社科/此面向上 20220507/1 创益青年实地项目/咨询辅助工具/报名表/报名链接.txt
../途策 知识库/Training/01 General Information/14 背景提升-学科/141 人文 社科/此面向上 20220507/1 创益青年实地项目/咨询辅助工具/项目成果示例/导师评价素养成绩单示例.pdf
../途策 知识库/Training/01 General Information/14 背景提升-学科/141 人文 社科/此面向上 20220507/3 个性化定制-社会创新1V1项目/咨询辅助工具/报名表/社会创新1V1项目报名表.docx
../途策 知识库/Training/01 General Information/14 背景提升-学科/141 人文 社科/此面向上 20220507/3 个性化定制-社会创新1V1项目/咨询辅助工具/课题与课表示例/社会创新1V1专业及课题示例.xlsx
../途策 知识库/Training/01 General Information/14 背景提升-学科/141 人文 社科/此面向上 20220507/3 个性化定制-社会创新1V1项目/咨询辅助工具/课题与课表示例/社会创新1V1面试生涯简评报告与项目建议示例.pdf
../途策 知识库/Training/01 General Information/14 背景提升-学科/141 人文 社科/此面向上 20220507/3 个性化定制-社会创新1V1项目/咨询辅助工具/课题与课表示例/社会创新1V1项目课表示例.pdf
../途策 知识库/Training/01 General Information/14 背景提升-学科/141 人文 社科/此面向上 20220507/3 个性化定制-社会创新1V1项目/咨询辅助工具/项目成果示例/导师评价素养成绩单示例.pdf
../途策 知识库/Training/01 General Information/14 背景提升-学科/141 人文 社科/此面向上 20220507/此面向上创新教育产品手册.pdf
../途策 知识库/Training/01 General Information/14 背景提升-学科/141 人文 社科/破风创新/【破风】东莞90后女孩小项目.pdf
../途策 知识库/Training/01 General Information/14 背景提升-学科/141 人文 社科/破风创新/【破风】深圳三和大神大项目.pdf
../途策 知识库/Training/01 General Information/14 背景提升-学科/141 人文 社科/破风创新/【破风】深圳女工赋权大项目.pdf
../途策 知识库/Training/01 General Information/14 背景提升-学科/141 人文 社科/破风创新/【破风】深圳油画村小项目.pdf
../途策 知识库/Training/01 General Information/14 背景提升-学科/141 人文 社科/破风创新/【破风】深圳白石洲城中村大项目.pdf
../途策 知识库/Training/01 General Information/14 背景提升-学科/141 人文 社科/破风创新/【破风】深圳龙华工厂小项目.pdf
../途策 知识库/Training/01 General Information/14 背景提升-学科/141 人文 社科/破风创新/【破风】走向未来社区-白石洲介绍.pdf
../途策 知识库/Training/01 General Information/14 背景提升-学科/141 人文 社科/破风创新/【破风创新】 2021春夏项目一览表 .xlsx
../途策 知识库/Training/01 General Information/14 背景提升-学科/141 人文 社科/破风创新/常州城中村创变项目.pdf
../途策 知识库/Training/01 General Information/14 背景提升-学科/141 人文 社科/语言学 IOLC 2022学术资料包/[Sample Problems]IOL CHINA.pdf
../途策 知识库/Training/01 General Information/14 背景提升-学科/141 人文 社科/语言学 IOLC 2022学术资料包/推荐阅读/【推荐书目】Puzzles in Logic, Languages and Computation Vol 1.pdf
../途策 知识库/Training/01 General Information/14 背景提升-学科/141 人文 社科/语言学 IOLC 2022学术资料包/核心资料/【Student Handbook】IOL CHINA 2021-2022.pdf
../途策 知识库/Training/01 General Information/14 背景提升-学科/141 人文 社科/语言学 IOLC 2022学术资料包/核心资料/【涉及语言学理论基础梳理】IOL CHINA.pdf
../途策 知识库/Training/01 General Information/14 背景提升-学科/141 人文 社科/语言学 IOLC 2022学术资料包/题目汇编/APLO/[APLO Problems & Solutions 2019]中文版.pdf.pdf
../途策 知识库/Training/01 General Information/14 背景提升-学科/141 人文 社科/语言学 IOLC 2022学术资料包/题目汇编/APLO/[APLO Problems & Solutions 2020]中文版.pdf.pdf
../途策 知识库/Training/01 General Information/14 背景提升-学科/141 人文 社科/语言学 IOLC 2022学术资料包/题目汇编/IOL/IOL 2003-2019 [Individual Round Problems].pdf.pdf
../途策 知识库/Training/01 General Information/14 背景提升-学科/141 人文 社科/语言学 IOLC 2022学术资料包/题目汇编/IOL/IOL 2003-2019 [Individual Round Solutions].pdf.pdf
../途策 知识库/Training/01 General Information/14 背景提升-学科/141 人文 社科/语言学 IOLC 2022学术资料包/题目汇编/IOLC/专业组/2018 IOLC FINALS [Individual Round Problems & Solutions]（简体中文）.pdf
../途策 知识库/Training/01 General Information/14 背景提升-学科/141 人文 社科/语言学 IOLC 2022学术资料包/题目汇编/IOLC/专业组/2018 IOLC FINALS[题目解析] 1&2.pdf
../途策 知识库/Training/01 General Information/14 背景提升-学科/141 人文 社科/语言学 IOLC 2022学术资料包/题目汇编/IOLC/专业组/2018 IOLC FINALS[题目解析] 3.pdf
../途策 知识库/Training/01 General Information/14 背景提升-学科/141 人文 社科/语言学 IOLC 2022学术资料包/题目汇编/IOLC/专业组/2018 IOLC FINALS[题目解析] 4&5.pdf
../途策 知识库/Training/01 General Information/14 背景提升-学科/141 人文 社科/语言学 IOLC 2022学术资料包/题目汇编/IOLC/专业组/2018 IOLC OPEN [Individual Round Problems & Solutions]（简体中文）.pdf
../途策 知识库/Training/01 General Information/14 背景提升-学科/141 人文 社科/语言学 IOLC 2022学术资料包/题目汇编/IOLC/专业组/2019 IOLC FINALS [Individual Round Problems & Solutions]（简体中文）.pdf
../途策 知识库/Training/01 General Information/14 背景提升-学科/141 人文 社科/语言学 IOLC 2022学术资料包/题目汇编/IOLC/专业组/2020 IOLC FINALS [Individual Round Problems & Solutions]（简体中文）.pdf
../途策 知识库/Training/01 General Information/14 背景提升-学科/141 人文 社科/语言学 IOLC 2022学术资料包/题目汇编/IOLC/专业组/2020 IOLC FINALS [Team Round Problems & Solutions]（简体中文）.pdf
../途策 知识库/Training/01 General Information/14 背景提升-学科/141 人文 社科/语言学 IOLC 2022学术资料包/题目汇编/IOLC/专业组/2020 IOLC OPEN [Individual Round Problems & Solutions]（简体中文）.pdf
../途策 知识库/Training/01 General Information/14 背景提升-学科/141 人文 社科/语言学 IOLC 2022学术资料包/题目汇编/IOLC/新秀组/IOLC 2021 Open 新秀组中文[Problemset&Solutions].pdf
../途策 知识库/Training/01 General Information/14 背景提升-学科/141 人文 社科/语言学 IOLC 2022学术资料包/题目汇编/IOLC/新秀组/[Sample Problems]IOL CHINA JUNIOR LEVEL_20211230.pdf
../途策 知识库/Training/01 General Information/14 背景提升-学科/141 人文 社科/适合中低年级学生的国内人文夏令营.pdf
../途策 知识库/Training/01 General Information/14 背景提升-学科/142 自然科学 工程/Ivy Maker/IvyMaker Instructor Info 202104.pdf
../途策 知识库/Training/01 General Information/14 背景提升-学科/142 自然科学 工程/Ivy Maker/培训录屏20210422/chat.txt
../途策 知识库/Training/01 General Information/14 背景提升-学科/142 自然科学 工程/Physics Bowl/PhysicsBowl+物理常考需要背诵核心词汇表.pdf
../途策 知识库/Training/01 General Information/14 背景提升-学科/142 自然科学 工程/Physics Bowl/物理碗真题（2007-2019）/PhysicsBowl-2007/PhysicsBowl_2007.pdf
../途策 知识库/Training/01 General Information/14 背景提升-学科/142 自然科学 工程/Physics Bowl/物理碗真题（2007-2019）/PhysicsBowl-2007/PhysicsBowl_2007_Solutions.pdf
../途策 知识库/Training/01 General Information/14 背景提升-学科/142 自然科学 工程/Physics Bowl/物理碗真题（2007-2019）/PhysicsBowl-2008/PhysicsBowl_2008_Exam.pdf
../途策 知识库/Training/01 General Information/14 背景提升-学科/142 自然科学 工程/Physics Bowl/物理碗真题（2007-2019）/PhysicsBowl-2008/PhysicsBowl_2008_Solutions.pdf
../途策 知识库/Training/01 General Information/14 背景提升-学科/142 自然科学 工程/Physics Bowl/物理碗真题（2007-2019）/PhysicsBowl-2009/PhysicsBowl_2009_Exam.pdf
../途策 知识库/Training/01 General Information/14 背景提升-学科/142 自然科学 工程/Physics Bowl/物理碗真题（2007-2019）/PhysicsBowl-2009/PhysicsBowl_2009_Solutions(1).pdf
../途策 知识库/Training/01 General Information/14 背景提升-学科/142 自然科学 工程/Physics Bowl/物理碗真题（2007-2019）/PhysicsBowl-2010/PhysicsBowl_2010.pdf
../途策 知识库/Training/01 General Information/14 背景提升-学科/142 自然科学 工程/Physics Bowl/物理碗真题（2007-2019）/PhysicsBowl-2010/PhysicsBowl_2010_Solutions.pdf
../途策 知识库/Training/01 General Information/14 背景提升-学科/142 自然科学 工程/Physics Bowl/物理碗真题（2007-2019）/PhysicsBowl-2011/PhysicsBowl_2011.pdf
../途策 知识库/Training/01 General Information/14 背景提升-学科/142 自然科学 工程/Physics Bowl/物理碗真题（2007-2019）/PhysicsBowl-2011/PhysicsBowl_2011_Solutions.pdf
../途策 知识库/Training/01 General Information/14 背景提升-学科/142 自然科学 工程/Physics Bowl/物理碗真题（2007-2019）/PhysicsBowl-2012/PhysicsBowl_2012.pdf
../途策 知识库/Training/01 General Information/14 背景提升-学科/142 自然科学 工程/Physics Bowl/物理碗真题（2007-2019）/PhysicsBowl-2012/PhysicsBowl_2012_Solutions.pdf
../途策 知识库/Training/01 General Information/14 背景提升-学科/142 自然科学 工程/Physics Bowl/物理碗真题（2007-2019）/PhysicsBowl-2013/PhysicsBowl_2013.pdf
../途策 知识库/Training/01 General Information/14 背景提升-学科/142 自然科学 工程/Physics Bowl/物理碗真题（2007-2019）/PhysicsBowl-2013/PhysicsBowl_2013_Solutions.pdf
../途策 知识库/Training/01 General Information/14 背景提升-学科/142 自然科学 工程/Physics Bowl/物理碗真题（2007-2019）/PhysicsBowl-2014/PhysicsBowl_2014.pdf
../途策 知识库/Training/01 General Information/14 背景提升-学科/142 自然科学 工程/Physics Bowl/物理碗真题（2007-2019）/PhysicsBowl-2014/PhysicsBowl_2014_Solutions.pdf
../途策 知识库/Training/01 General Information/14 背景提升-学科/142 自然科学 工程/Physics Bowl/物理碗真题（2007-2019）/PhysicsBowl-2015/2015 PhysicsBowl Solutions.pdf
../途策 知识库/Training/01 General Information/14 背景提升-学科/142 自然科学 工程/Physics Bowl/物理碗真题（2007-2019）/PhysicsBowl-2015/2015-PhysicsBowl-Final.pdf
../途策 知识库/Training/01 General Information/14 背景提升-学科/142 自然科学 工程/Physics Bowl/物理碗真题（2007-2019）/PhysicsBowl-2016/2016 PhysicsBowl Solutions.pdf
../途策 知识库/Training/01 General Information/14 背景提升-学科/142 自然科学 工程/Physics Bowl/物理碗真题（2007-2019）/PhysicsBowl-2016/2016 PhysicsBowl.pdf
../途策 知识库/Training/01 General Information/14 背景提升-学科/142 自然科学 工程/Physics Bowl/物理碗真题（2007-2019）/PhysicsBowl-2017/2017 PhysicsBowl Final.pdf
../途策 知识库/Training/01 General Information/14 背景提升-学科/142 自然科学 工程/Physics Bowl/物理碗真题（2007-2019）/PhysicsBowl-2017/2017 PhysicsBowl Solutions.pdf
../途策 知识库/Training/01 General Information/14 背景提升-学科/142 自然科学 工程/Physics Bowl/物理碗真题（2007-2019）/PhysicsBowl-2018/2018-PhysicsBowl-Exam.pdf
../途策 知识库/Training/01 General Information/14 背景提升-学科/142 自然科学 工程/Physics Bowl/物理碗真题（2007-2019）/PhysicsBowl-2018/2018PhysicsBowl-answers-with-solutions_Updated.pdf
../途策 知识库/Training/01 General Information/14 背景提升-学科/142 自然科学 工程/Physics Bowl/物理碗真题（2007-2019）/PhysicsBowl-2019/2019-PhysicsBowl-Answers-with-solutions_Revised-2.pdf
../途策 知识库/Training/01 General Information/14 背景提升-学科/142 自然科学 工程/Physics Bowl/物理碗真题（2007-2019）/PhysicsBowl-2019/2019physicsbowlsolutions.pdf
../途策 知识库/Training/01 General Information/14 背景提升-学科/142 自然科学 工程/iGEM/03012_IvyMaker_iGEM获奖案例和师资.pdf
../途策 知识库/Training/01 General Information/14 背景提升-学科/142 自然科学 工程/iGEM/0302_IvyMaker_iGEM比赛安排.pdf
../途策 知识库/Training/01 General Information/14 背景提升-学科/142 自然科学 工程/iGEM/蓝晶实验室iGEM2021参赛报名协议-3.15(1).docx
../途策 知识库/Training/01 General Information/14 背景提升-学科/142 自然科学 工程/isef/2020 ISEF 国际总决赛中国队名单.docx
../途策 知识库/Training/01 General Information/14 背景提升-学科/142 自然科学 工程/isef/2021 ISEF 国际总决赛中国队名单.docx
../途策 知识库/Training/01 General Information/14 背景提升-学科/142 自然科学 工程/isef/2022 ISEF国家队名单(2).docx
../途策 知识库/Training/01 General Information/14 背景提升-学科/142 自然科学 工程/isef/上海体制内外新高一学生：50000人 .pdf
../途策 知识库/Training/01 General Information/14 背景提升-学科/142 自然科学 工程/奇思孵化背提/2022-2023数据 统计.xlsx
../途策 知识库/Training/01 General Information/14 背景提升-学科/142 自然科学 工程/奇思孵化背提/Conrad Challenge中国赛.pdf
../途策 知识库/Training/01 General Information/14 背景提升-学科/142 自然科学 工程/奇思孵化背提/ISEF及中国系列赛 竞赛孵化（算法&AI方向）.pdf
../途策 知识库/Training/01 General Information/14 背景提升-学科/142 自然科学 工程/奇思孵化背提/ISEF及中国系列赛 竞赛孵化（高级机械设计方向）.pdf
../途策 知识库/Training/01 General Information/14 背景提升-学科/142 自然科学 工程/奇思孵化背提/fablab个性化工程项目定制孵化暑假班.pdf
../途策 知识库/Training/01 General Information/14 背景提升-学科/142 自然科学 工程/奇思孵化背提/奇思2021秋20220119.pptx
../途策 知识库/Training/01 General Information/14 背景提升-学科/142 自然科学 工程/奇思孵化背提/康莱德2020-21赛季决赛获奖名单.pdf
../途策 知识库/Training/01 General Information/14 背景提升-学科/142 自然科学 工程/生化竞赛.docx
../途策 知识库/Training/01 General Information/14 背景提升-学科/142 自然科学 工程/第 36 届上海市青少年科技创新大赛申报指南.pdf
../途策 知识库/Training/01 General Information/14 背景提升-学科/142 自然科学 工程/第36届上海市青少年科技创新大赛-获奖名单.xlsx
../途策 知识库/Training/01 General Information/14 背景提升-学科/142 自然科学 工程/素研宣传册.pdf
../途策 知识库/Training/01 General Information/14 背景提升-学科/142 自然科学 工程/翰林学院/2019版本翰林国际竞赛介绍.pdf
../途策 知识库/Training/01 General Information/14 背景提升-学科/142.1 生物/2023年BrainBee脑科学活动知识大纲.pdf
../途策 知识库/Training/01 General Information/14 背景提升-学科/142.1 生物/USABO & BBO 真题/2020 BBO Papers.pdf
../途策 知识库/Training/01 General Information/14 背景提升-学科/142.1 生物/USABO & BBO 真题/2_2003_OpenExam&Key.pdf
../途策 知识库/Training/01 General Information/14 背景提升-学科/142.1 生物/USABO & BBO 真题/2_2004_OpenExam&Key.pdf
../途策 知识库/Training/01 General Information/14 背景提升-学科/142.1 生物/USABO & BBO 真题/2_2005_OpenExam&Key.pdf
../途策 知识库/Training/01 General Information/14 背景提升-学科/142.1 生物/USABO & BBO 真题/2_2006_OpenExam.pdf
../途策 知识库/Training/01 General Information/14 背景提升-学科/142.1 生物/USABO & BBO 真题/2_2006_OpenExam_AnsKey.pdf
../途策 知识库/Training/01 General Information/14 背景提升-学科/142.1 生物/USABO & BBO 真题/2_2007_OpenExam.pdf
../途策 知识库/Training/01 General Information/14 背景提升-学科/142.1 生物/USABO & BBO 真题/2_2007_OpenExam_AnsKey(1).pdf
../途策 知识库/Training/01 General Information/14 背景提升-学科/142.1 生物/USABO & BBO 真题/2_2008_OpenExam.pdf
../途策 知识库/Training/01 General Information/14 背景提升-学科/142.1 生物/USABO & BBO 真题/2_2008_OpenExam_AnsKey.pdf
../途策 知识库/Training/01 General Information/14 背景提升-学科/142.1 生物/USABO & BBO 真题/2_2009_OpenExam.pdf
../途策 知识库/Training/01 General Information/14 背景提升-学科/142.1 生物/USABO & BBO 真题/2_2009_OpenExam_AnsKey(1).pdf
../途策 知识库/Training/01 General Information/14 背景提升-学科/142.1 生物/USABO & BBO 真题/2_2010_OpenExam.pdf
../途策 知识库/Training/01 General Information/14 背景提升-学科/142.1 生物/USABO & BBO 真题/2_2011_OpenExam.pdf
../途策 知识库/Training/01 General Information/14 背景提升-学科/142.1 生物/USABO & BBO 真题/2_2011_OpenExam_AnsKey.pdf
../途策 知识库/Training/01 General Information/14 背景提升-学科/142.1 生物/USABO & BBO 真题/2_2012_OpenExam.pdf
../途策 知识库/Training/01 General Information/14 背景提升-学科/142.1 生物/USABO & BBO 真题/2_2012_OpenExam_AnsKey.pdf
../途策 知识库/Training/01 General Information/14 背景提升-学科/142.1 生物/USABO & BBO 真题/2_2013 USABO Open Exam.pdf
../途策 知识库/Training/01 General Information/14 背景提升-学科/142.1 生物/USABO & BBO 真题/2_2014 USABO Open Exam Answers.pdf
../途策 知识库/Training/01 General Information/14 背景提升-学科/142.1 生物/USABO & BBO 真题/2_2015 USABO Open Exam Answers.pdf
../途策 知识库/Training/01 General Information/14 背景提升-学科/142.1 生物/USABO & BBO 真题/归档/2020 BBO Papers.pdf
../途策 知识库/Training/01 General Information/14 背景提升-学科/142.1 生物/USABO & BBO 真题/归档/2_2003_OpenExam&Key.pdf
../途策 知识库/Training/01 General Information/14 背景提升-学科/142.1 生物/USABO & BBO 真题/归档/2_2004_OpenExam&Key.pdf
../途策 知识库/Training/01 General Information/14 背景提升-学科/142.1 生物/USABO & BBO 真题/归档/2_2005_OpenExam&Key.pdf
../途策 知识库/Training/01 General Information/14 背景提升-学科/142.1 生物/USABO & BBO 真题/归档/2_2006_OpenExam.pdf
../途策 知识库/Training/01 General Information/14 背景提升-学科/142.1 生物/USABO & BBO 真题/归档/2_2006_OpenExam_AnsKey.pdf
../途策 知识库/Training/01 General Information/14 背景提升-学科/142.1 生物/USABO & BBO 真题/归档/2_2007_OpenExam.pdf
../途策 知识库/Training/01 General Information/14 背景提升-学科/142.1 生物/USABO & BBO 真题/归档/2_2007_OpenExam_AnsKey(1).pdf
../途策 知识库/Training/01 General Information/14 背景提升-学科/142.1 生物/USABO & BBO 真题/归档/2_2008_OpenExam.pdf
../途策 知识库/Training/01 General Information/14 背景提升-学科/142.1 生物/USABO & BBO 真题/归档/2_2008_OpenExam_AnsKey.pdf
../途策 知识库/Training/01 General Information/14 背景提升-学科/142.1 生物/USABO & BBO 真题/归档/2_2009_OpenExam.pdf
../途策 知识库/Training/01 General Information/14 背景提升-学科/142.1 生物/USABO & BBO 真题/归档/2_2009_OpenExam_AnsKey(1).pdf
../途策 知识库/Training/01 General Information/14 背景提升-学科/142.1 生物/USABO & BBO 真题/归档/2_2010_OpenExam.pdf
../途策 知识库/Training/01 General Information/14 背景提升-学科/142.1 生物/USABO & BBO 真题/归档/2_2011_OpenExam.pdf
../途策 知识库/Training/01 General Information/14 背景提升-学科/142.1 生物/USABO & BBO 真题/归档/2_2011_OpenExam_AnsKey.pdf
../途策 知识库/Training/01 General Information/14 背景提升-学科/142.1 生物/USABO & BBO 真题/归档/2_2012_OpenExam.pdf
../途策 知识库/Training/01 General Information/14 背景提升-学科/142.1 生物/USABO & BBO 真题/归档/2_2012_OpenExam_AnsKey.pdf
../途策 知识库/Training/01 General Information/14 背景提升-学科/142.1 生物/USABO & BBO 真题/归档/2_2013 USABO Open Exam.pdf
../途策 知识库/Training/01 General Information/14 背景提升-学科/142.1 生物/USABO & BBO 真题/归档/2_2014 USABO Open Exam Answers.pdf
../途策 知识库/Training/01 General Information/14 背景提升-学科/142.1 生物/USABO & BBO 真题/归档/2_2015 USABO Open Exam Answers.pdf
../途策 知识库/Training/01 General Information/14 背景提升-学科/142.1 生物/USABO+BBO_SCIMATH_2022.pdf
../途策 知识库/Training/01 General Information/14 背景提升-学科/142.1 生物/【仅美高】At-LargeBioGENEiusChallenge比赛信息.pdf
../途策 知识库/Training/01 General Information/14 背景提升-学科/143 数学 CS/AMC10-2018A 试卷.pdf
../途策 知识库/Training/01 General Information/14 背景提升-学科/143 数学 CS/AMC10真题2012-2021/2017-AMC10B-试题（英语）.pdf
../途策 知识库/Training/01 General Information/14 背景提升-学科/143 数学 CS/AMC10真题2012-2021/2018-AMC10A-试题（中英双语）.pdf
../途策 知识库/Training/01 General Information/14 背景提升-学科/143 数学 CS/AMC10真题2012-2021/2018-AMC10B-试题（英语）.pdf
../途策 知识库/Training/01 General Information/14 背景提升-学科/143 数学 CS/AMC10真题2012-2021/2019-AMC10A-试题（中英双语）.pdf
../途策 知识库/Training/01 General Information/14 背景提升-学科/143 数学 CS/AMC10真题2012-2021/2019-AMC10B-试题（中英双语）.pdf
../途策 知识库/Training/01 General Information/14 背景提升-学科/143 数学 CS/AMC10真题2012-2021/2020-AMC10A-试题（英语）.pdf
../途策 知识库/Training/01 General Information/14 背景提升-学科/143 数学 CS/AMC10真题2012-2021/2020-AMC10B-试题（英语）.pdf
../途策 知识库/Training/01 General Information/14 背景提升-学科/143 数学 CS/AMC10真题2012-2021/2021-AMC10A-试题（中英双语）.pdf
../途策 知识库/Training/01 General Information/14 背景提升-学科/143 数学 CS/AMC10真题2012-2021/2021-AMC10B-试题（中英双语）.pdf
../途策 知识库/Training/01 General Information/14 背景提升-学科/143 数学 CS/AMC12真题2012-2021/2012-AMC12A-试题（英语）.pdf
../途策 知识库/Training/01 General Information/14 背景提升-学科/143 数学 CS/AMC12真题2012-2021/2012-AMC12B-试题（英语）.pdf
../途策 知识库/Training/01 General Information/14 背景提升-学科/143 数学 CS/AMC12真题2012-2021/2013-AMC12A-试题（英语）.pdf
../途策 知识库/Training/01 General Information/14 背景提升-学科/143 数学 CS/AMC12真题2012-2021/2013-AMC12B-试题（英语）.pdf
../途策 知识库/Training/01 General Information/14 背景提升-学科/143 数学 CS/AMC12真题2012-2021/2014-AMC12A-试题（英语）.pdf
../途策 知识库/Training/01 General Information/14 背景提升-学科/143 数学 CS/AMC12真题2012-2021/2014-AMC12B-试题（英语）.pdf
../途策 知识库/Training/01 General Information/14 背景提升-学科/143 数学 CS/AMC12真题2012-2021/2015-AMC12A-试题（英语）.pdf
../途策 知识库/Training/01 General Information/14 背景提升-学科/143 数学 CS/AMC12真题2012-2021/2015-AMC12B-试题（英语）.pdf
../途策 知识库/Training/01 General Information/14 背景提升-学科/143 数学 CS/AMC12真题2012-2021/2016-AMC12A-试题（英语）.pdf
../途策 知识库/Training/01 General Information/14 背景提升-学科/143 数学 CS/AMC12真题2012-2021/2016-AMC12B-试题（英语）.pdf
../途策 知识库/Training/01 General Information/14 背景提升-学科/143 数学 CS/AMC12真题2012-2021/2018-AMC12A-试题（中英双语）.pdf
../途策 知识库/Training/01 General Information/14 背景提升-学科/143 数学 CS/AMC12真题2012-2021/2018-AMC12B-试题（英语）.pdf
../途策 知识库/Training/01 General Information/14 背景提升-学科/143 数学 CS/AMC12真题2012-2021/2019-AMC12A-试题（中英双语）.pdf
../途策 知识库/Training/01 General Information/14 背景提升-学科/143 数学 CS/AMC12真题2012-2021/2019-AMC12B-试题（英语）.pdf
../途策 知识库/Training/01 General Information/14 背景提升-学科/143 数学 CS/AMC12真题2012-2021/2020-AMC 12B-试题（英语).pdf
../途策 知识库/Training/01 General Information/14 背景提升-学科/143 数学 CS/AMC12真题2012-2021/2020-AMC12A-试题（英语）.pdf
../途策 知识库/Training/01 General Information/14 背景提升-学科/143 数学 CS/AMC12真题2012-2021/2021-AMC12A-试题（中英双语）.pdf
../途策 知识库/Training/01 General Information/14 背景提升-学科/143 数学 CS/AMC12真题2012-2021/2021-AMC12B- 试题（中英双语） .pdf
../途策 知识库/Training/01 General Information/14 背景提升-学科/143 数学 CS/HiMCM/2021_HiMCM_Problem_A.pdf
../途策 知识库/Training/01 General Information/14 背景提升-学科/143 数学 CS/HiMCM/2021_HiMCM_Problem_B.pdf
../途策 知识库/Training/01 General Information/14 背景提升-学科/143 数学 CS/HiMCM/2022 HiMCM - Catalyst Team Final Report 1 - ProblemB.pdf
../途策 知识库/Training/01 General Information/14 背景提升-学科/143 数学 CS/HiMCM/2022 HiMCM - Catalyst Team Final Report 2 - ProblemB.pdf
../途策 知识库/Training/01 General Information/14 背景提升-学科/143 数学 CS/HiMCM/2022_HiMCM_Data.xlsx
../途策 知识库/Training/01 General Information/14 背景提升-学科/143 数学 CS/HiMCM/2022_HiMCM_Problem_A.pdf
../途策 知识库/Training/01 General Information/14 背景提升-学科/143 数学 CS/HiMCM/2022_HiMCM_Problem_B.pdf
../途策 知识库/Training/01 General Information/14 背景提升-学科/143 数学 CS/HiMCM/教学PPT1 - matlab入门教学.pptx
../途策 知识库/Training/01 General Information/14 背景提升-学科/143 数学 CS/HiMCM/教学PPT2 - 基本模型1.pptx
../途策 知识库/Training/01 General Information/14 背景提升-学科/143 数学 CS/HiMCM美国高中数学建模大赛组队邀请倒计时，往届学员获大奖.pdf
../途策 知识库/Training/01 General Information/14 背景提升-学科/143 数学 CS/IMMC/2021 IMMC 冬季赛 D.pdf
../途策 知识库/Training/01 General Information/14 背景提升-学科/143 数学 CS/IMMC/2022 IMMC 秋季赛 A.pdf
../途策 知识库/Training/01 General Information/14 背景提升-学科/143 数学 CS/IMMC/2022 IMMC 秋季赛 B.pdf
../途策 知识库/Training/01 General Information/14 背景提升-学科/143 数学 CS/IMMC_数学建模专场课程.pdf
../途策 知识库/Training/01 General Information/14 背景提升-学科/143 数学 CS/丘成桐奖项 Notes.docx
../途策 知识库/Training/01 General Information/14 背景提升-学科/143 数学 CS/微积分自学材料/Calculus Workbook For Dummies.pdf
../途策 知识库/Training/01 General Information/14 背景提升-学科/143 数学 CS/计算机/USACO铜真题测试/USACO-Bronze-2020Open-1.pdf
../途策 知识库/Training/01 General Information/14 背景提升-学科/143 数学 CS/计算机/USACO铜真题测试/USACO-Bronze-2020Open-2.pdf
../途策 知识库/Training/01 General Information/14 背景提升-学科/143 数学 CS/计算机/USACO铜真题测试/USACO-Bronze-2020Open-3.pdf
../途策 知识库/Training/01 General Information/14 背景提升-学科/143 数学 CS/计算机/preview-_looking_for_a_challenge.pdf
../途策 知识库/Training/01 General Information/14 背景提升-学科/144 商科/Conrad Spirit of Innovation Challenge中国赛学生手册.pdf
../途策 知识库/Training/01 General Information/14 背景提升-学科/144 商科/Economics/IEO_FLG_Description.pdf
../途策 知识库/Training/01 General Information/14 背景提升-学科/144 商科/Economics/IEO_economics_mcq_2022.pdf
../途策 知识库/Training/01 General Information/14 背景提升-学科/144 商科/Economics/IEO_economics_open_2022.pdf
../途策 知识库/Training/01 General Information/14 背景提升-学科/144 商科/LaunchX Summer Program Guide 2022 _Online Only.pdf
../途策 知识库/Training/01 General Information/14 背景提升-学科/145 其他/建筑/Araon HFI/Aaron Luo.docx
../途策 知识库/Training/01 General Information/14 背景提升-学科/145 其他/建筑/Araon HFI/Araon sharing.docx
../途策 知识库/Training/01 General Information/14 背景提升-学科/145 其他/戏剧_音乐剧/Tisch/Kathy - Tisch - finalized 1.06.docx
../途策 知识库/Training/01 General Information/14 背景提升-学科/145 其他/戏剧_音乐剧/Tisch/Kathy Creative Resume.pdf
../途策 知识库/Training/01 General Information/14 背景提升-学科/146 相关资源/GEC项目分享-高中生.pdf
../途策 知识库/Training/01 General Information/14 背景提升-学科/148 苏格拉底营地/2021.4 Freakonomics/Freakonomics Syllabus 4.8.docx
../途策 知识库/Training/01 General Information/14 背景提升-学科/148 苏格拉底营地/2021.4 Freakonomics/Freakonomics.pdf
../途策 知识库/Training/01 General Information/14 背景提升-学科/148 苏格拉底营地/Thinking, Fast and Slow Book Summary by Daniel Kahneman.pdf
../途策 知识库/Training/01 General Information/14 背景提升-学科/148 苏格拉底营地/政治秩序与政治衰败_Kathy/《政治秩序》课程大纲.docx
../途策 知识库/Training/01 General Information/14 背景提升-学科/148 苏格拉底营地/苏格拉底18期/「孤独的城市」Syllabus.docx
../途策 知识库/Training/01 General Information/14 背景提升-学科/148 苏格拉底营地/苏格拉底18期/苏格拉底18期报名表.xlsx
../途策 知识库/Training/01 General Information/14 背景提升-学科/148 苏格拉底营地/苏格拉底19期/19期苏格拉底.xlsx
../途策 知识库/Training/01 General Information/14 背景提升-学科/148 苏格拉底营地/苏格拉底19期/「枪炮病菌与钢铁」Syllabus.docx
../途策 知识库/Training/01 General Information/14 背景提升-学科/149 Pioneer/Pioneer Academics Interview Questions.docx
../途策 知识库/Training/01 General Information/14 背景提升-学科/149 Pioneer/Zhenjie_Scarlett_He_Final_Evaluation.pdf
../途策 知识库/Training/01 General Information/14 背景提升-学科/150 综合学术比赛/2021 IAC 国际学术挑战项目介绍.pdf
../途策 知识库/Training/01 General Information/14 背景提升-学科/150 综合学术比赛/2021 IAC国际学术挑战集体报名表.xlsx
../途策 知识库/Training/01 General Information/14 背景提升-学科/150 综合学术比赛/2021 WSC区域赛介绍.pdf
../途策 知识库/Training/01 General Information/14 背景提升-学科/150 综合学术比赛/ETS批判性思维测试样题.pdf
../途策 知识库/Training/01 General Information/14 背景提升-学科/150 综合学术比赛/PAC 手册.pdf
../途策 知识库/Training/01 General Information/14 背景提升-学科/151 Catalyst/寒假清华苏州环境研究院-尾矿建材化项目.xlsx
../途策 知识库/Training/01 General Information/14 背景提升-学科/151 Catalyst/寒假清华苏州环境研究院行程表221110.xlsx
../途策 知识库/Training/01 General Information/14 背景提升-学科/151 Catalyst/湘西文化遗产实地调研行程表.xlsx
../途策 知识库/Training/01 General Information/14 背景提升-学科/152 Columbia Core Book List/Herodotus_book_iii.80-86.pdf
../途策 知识库/Training/01 General Information/14 背景提升-学科/2019版本翰林国际竞赛介绍.pdf
../途策 知识库/Training/01 General Information/14 背景提升-学科/Academic Competitions and Summer Programs.pdf
../途策 知识库/Training/01 General Information/14 背景提升-学科/CollegeBoard_Reading List for High School Students.pdf
../途策 知识库/Training/01 General Information/14 背景提升-学科/PAC 手册.pdf
../途策 知识库/Training/01 General Information/14 背景提升-学科/Pre-college summer program 2021-2022 (1) 平和.pdf
../途策 知识库/Training/01 General Information/14 背景提升-学科/Program Checklist/2020哥伦比亚大学暑期在线社科研习项目.pdf
../途策 知识库/Training/01 General Information/14 背景提升-学科/Program Checklist/BU High School Honors Online.docx
../途策 知识库/Training/01 General Information/14 背景提升-学科/Program Checklist/BU_PROMYS.docx
../途策 知识库/Training/01 General Information/14 背景提升-学科/Program Checklist/Barnard College NYC Art and Design Summer Institute.docx
../途策 知识库/Training/01 General Information/14 背景提升-学科/Program Checklist/Barnard College Young Women's Leadership Institute .docx
../途策 知识库/Training/01 General Information/14 背景提升-学科/Program Checklist/Brown pre-college Environmental Leadership - Alaska.docx
../途策 知识库/Training/01 General Information/14 背景提升-学科/Program Checklist/Carleton College Humanities.docx
../途策 知识库/Training/01 General Information/14 背景提升-学科/Program Checklist/Carleton Quantitative Reasoning.docx
../途策 知识库/Training/01 General Information/14 背景提升-学科/Program Checklist/Carleton_Summer Liberal Arts Institute.docx
../途策 知识库/Training/01 General Information/14 背景提升-学科/Program Checklist/Chicago Summer - classics-social-and-political-thought-i.docx
../途策 知识库/Training/01 General Information/14 背景提升-学科/Program Checklist/Clark Scholars Program.docx
../途策 知识库/Training/01 General Information/14 背景提升-学科/Program Checklist/Cornell Pre-College online course .docx
../途策 知识库/Training/01 General Information/14 背景提升-学科/Program Checklist/Cornell University Pre-College Program.docx
../途策 知识库/Training/01 General Information/14 背景提升-学科/Program Checklist/Cornell pre-college  Research Apprenticeship in Biological Sciences (RABS).docx
../途策 知识库/Training/01 General Information/14 背景提升-学科/Program Checklist/Cornell pre-college （except RABS）.docx
../途策 知识库/Training/01 General Information/14 背景提升-学科/Program Checklist/Davidson College July Experience.docx
../途策 知识库/Training/01 General Information/14 背景提升-学科/Program Checklist/Duke Summer School.docx
../途策 知识库/Training/01 General Information/14 背景提升-学科/Program Checklist/Emory Three week Institute - Infectious Diseases Institute  .docx
../途策 知识库/Training/01 General Information/14 背景提升-学科/Program Checklist/HSYLC 哈佛分会 申请要求.docx
../途策 知识库/Training/01 General Information/14 背景提升-学科/Program Checklist/Harvard Summer School Secondary School Programs.docx
../途策 知识库/Training/01 General Information/14 背景提升-学科/Program Checklist/INTERNATIONAL SUMMER SCHOOL FOR YOUNG PHYSICISTS (ISSTYP).docx
../途策 知识库/Training/01 General Information/14 背景提升-学科/Program Checklist/IOWA Young Writer Studio.docx
../途策 知识库/Training/01 General Information/14 背景提升-学科/Program Checklist/ISSYP.docx
../途策 知识库/Training/01 General Information/14 背景提升-学科/Program Checklist/JHU BMEI & EEI.docx
../途策 知识库/Training/01 General Information/14 背景提升-学科/Program Checklist/JHU Engineering Innovation.docx
../途策 知识库/Training/01 General Information/14 背景提升-学科/Program Checklist/JHU-Explore Engineering Innovation.docx
../途策 知识库/Training/01 General Information/14 背景提升-学科/Program Checklist/JHU_Pre-College.docx
../途策 知识库/Training/01 General Information/14 背景提升-学科/Program Checklist/John Locke Institute Summer.docx
../途策 知识库/Training/01 General Information/14 背景提升-学科/Program Checklist/John Locke Institute.docx
../途策 知识库/Training/01 General Information/14 背景提升-学科/Program Checklist/Kenyon Review.docx
../途策 知识库/Training/01 General Information/14 背景提升-学科/Program Checklist/LaunchX - MIT.docx
../途策 知识库/Training/01 General Information/14 背景提升-学科/Program Checklist/LaunchX by MIT.docx
../途策 知识库/Training/01 General Information/14 背景提升-学科/Program Checklist/Management & Technology Summer Institute (M&TSI).docx
../途策 知识库/Training/01 General Information/14 背景提升-学科/Program Checklist/Michigan Math and Science Scholars.docx
../途策 知识库/Training/01 General Information/14 背景提升-学科/Program Checklist/NYT-Creative Writing.docx
../途策 知识库/Training/01 General Information/14 背景提升-学科/Program Checklist/NYU Stern Pre-College Program.docx
../途策 知识库/Training/01 General Information/14 背景提升-学科/Program Checklist/NYU The Summer Electronic Music Institute (SEMI).docx
../途策 知识库/Training/01 General Information/14 背景提升-学科/Program Checklist/NYU Tisch Special Summer.docx
../途策 知识库/Training/01 General Information/14 背景提升-学科/Program Checklist/Northwestern University - The Cherubs.docx
../途策 知识库/Training/01 General Information/14 背景提升-学科/Program Checklist/Notre Dame Leadership Seminars.docx
../途策 知识库/Training/01 General Information/14 背景提升-学科/Program Checklist/Notre Dame Summer Scholars_Archaeology.docx
../途策 知识库/Training/01 General Information/14 背景提升-学科/Program Checklist/Notre Dame summer scholar.docx
../途策 知识库/Training/01 General Information/14 背景提升-学科/Program Checklist/OSU Summer Linguistic Institute for Youth Scholars .docx
../途策 知识库/Training/01 General Information/14 背景提升-学科/Program Checklist/Pioneer Academics.docx
../途策 知识库/Training/01 General Information/14 背景提升-学科/Program Checklist/Pioneer Academics_2021_0111.docx
../途策 知识库/Training/01 General Information/14 背景提升-学科/Program Checklist/ROSS Math Camp.docx
../途策 知识库/Training/01 General Information/14 背景提升-学科/Program Checklist/Rensselaer Research Experience.docx
../途策 知识库/Training/01 General Information/14 背景提升-学科/Program Checklist/SUMaC.docx
../途策 知识库/Training/01 General Information/14 背景提升-学科/Program Checklist/Smith College_Pre-College Programs.docx
../途策 知识库/Training/01 General Information/14 背景提升-学科/Program Checklist/Smith pre-college -Summer Science & Engineering Program （SSEP）.docx
../途策 知识库/Training/01 General Information/14 背景提升-学科/Program Checklist/Stanford Pre-Collegiate University-Level Online Math & Physics.docx
../途策 知识库/Training/01 General Information/14 背景提升-学科/Program Checklist/Stanford Summer Humanities Institute Essay Prompts.docx
../途策 知识库/Training/01 General Information/14 背景提升-学科/Program Checklist/Stanford Summer Humanities Institute.docx
../途策 知识库/Training/01 General Information/14 背景提升-学科/Program Checklist/Stones and Bones UChicago.docx
../途策 知识库/Training/01 General Information/14 背景提升-学科/Program Checklist/Summer @Brown.docx
../途策 知识库/Training/01 General Information/14 背景提升-学科/Program Checklist/Summer Linguistics Institute for Youth Scholars.docx
../途策 知识库/Training/01 General Information/14 背景提升-学科/Program Checklist/Summer STEM Institute .docx
../途策 知识库/Training/01 General Information/14 背景提升-学科/Program Checklist/Summer Science Program  SSP.docx
../途策 知识库/Training/01 General Information/14 背景提升-学科/Program Checklist/Summer Science Program ( SSP ).docx
../途策 知识库/Training/01 General Information/14 背景提升-学科/Program Checklist/Summer@Brown.docx
../途策 知识库/Training/01 General Information/14 背景提升-学科/Program Checklist/Syracues Summer College - Architecture.docx
../途策 知识库/Training/01 General Information/14 背景提升-学科/Program Checklist/Syracues Summer College - Filmmaking.docx
../途策 知识库/Training/01 General Information/14 背景提升-学科/Program Checklist/TechX 2021 essay prompts.docx
../途策 知识库/Training/01 General Information/14 背景提升-学科/Program Checklist/TechX 申请 文书.docx
../途策 知识库/Training/01 General Information/14 背景提升-学科/Program Checklist/The Concord Review History Camp.docx
../途策 知识库/Training/01 General Information/14 背景提升-学科/Program Checklist/The Concord Review_TCR History Camp.docx
../途策 知识库/Training/01 General Information/14 背景提升-学科/Program Checklist/The Engineering Summer Academy at Penn (ESAP) .docx
../途策 知识库/Training/01 General Information/14 背景提升-学科/Program Checklist/The Summer Science Program (SSP).docx
../途策 知识库/Training/01 General Information/14 背景提升-学科/Program Checklist/Tufts Summer Research Experience Checklist.docx
../途策 知识库/Training/01 General Information/14 背景提升-学科/Program Checklist/Tufts Summer Research Experience Offerings.pdf
../途策 知识库/Training/01 General Information/14 背景提升-学科/Program Checklist/Tufts University Pre-College Program.docx
../途策 知识库/Training/01 General Information/14 背景提升-学科/Program Checklist/Tufts pre-college - Leadership for Social Change .docx
../途策 知识库/Training/01 General Information/14 背景提升-学科/Program Checklist/UCLA Digital Filmmaking Summer.docx
../途策 知识库/Training/01 General Information/14 背景提升-学科/Program Checklist/UCLA_ART SUMMER INSTITUTE_Requirement.docx
../途策 知识库/Training/01 General Information/14 背景提升-学科/Program Checklist/UCSB Research Mentorship Program.docx
../途策 知识库/Training/01 General Information/14 背景提升-学科/Program Checklist/UCSB Summer Research Academies.docx
../途策 知识库/Training/01 General Information/14 背景提升-学科/Program Checklist/UChicago Summer Sessions.docx
../途策 知识库/Training/01 General Information/14 背景提升-学科/Program Checklist/UIowa SSTP - Secondary Student Training Program.docx
../途策 知识库/Training/01 General Information/14 背景提升-学科/Program Checklist/USC Summer School.docx
../途策 知识库/Training/01 General Information/14 背景提升-学科/Program Checklist/USCCinematic Arts.docx
../途策 知识库/Training/01 General Information/14 背景提升-学科/Program Checklist/UVA Young Writers Workshop Summer Program - v0withcomments.docx
../途策 知识库/Training/01 General Information/14 背景提升-学科/Program Checklist/University of Florida - Student Science Training Program (SSTP).docx
../途策 知识库/Training/01 General Information/14 背景提升-学科/Program Checklist/Upenn Summer high school Pre-college Program - Introduction to Sociolinguistics.docx
../途策 知识库/Training/01 General Information/14 背景提升-学科/Program Checklist/Vanderbilt Summer Academy.docx
../途策 知识库/Training/01 General Information/14 背景提升-学科/Program Checklist/WUSTL Pre-College Programs.docx
../途策 知识库/Training/01 General Information/14 背景提升-学科/Program Checklist/YOUNG WRITERS WORKSHOP (YWW).docx
../途策 知识库/Training/01 General Information/14 背景提升-学科/Program Checklist/YYGS .docx
../途策 知识库/Training/01 General Information/14 背景提升-学科/Program Checklist/YYGS Application_template.docx
../途策 知识库/Training/01 General Information/14 背景提升-学科/Program Checklist/Yale Summer Program in Astrophysics (YSPA).docx
../途策 知识库/Training/01 General Information/14 背景提升-学科/Program Checklist/修和书院 2020.docx
../途策 知识库/Training/01 General Information/14 背景提升-学科/活动总表.xlsx
../途策 知识库/Training/01 General Information/14 背景提升-学科/浑朴学术资源/外包老师课程反馈表.docx
../途策 知识库/Training/01 General Information/14 背景提升-学科/浑朴学术资源/授课老师简历/传媒 视觉 人类学-闫以豪.pdf
../途策 知识库/Training/01 General Information/14 背景提升-学科/浑朴学术资源/授课老师简历/地球物理 博士 颜君_files/【高级留学文书顾问_上海】颜君 21年应届生.pdf
../途策 知识库/Training/01 General Information/14 背景提升-学科/浑朴学术资源/授课老师简历/地球科学 Skylar.pdf
../途策 知识库/Training/01 General Information/14 背景提升-学科/浑朴学术资源/授课老师简历/康奈尔乔治城 经济学 秦俊垚.pdf
../途策 知识库/Training/01 General Information/14 背景提升-学科/浑朴学术资源/授课老师简历/牛津 Frank-数学培训 CV.pdf
../途策 知识库/Training/01 General Information/14 背景提升-学科/浑朴学术资源/授课老师简历/物理CS电气工程博士-田世豪/田世豪 丘成桐案例.docx
../途策 知识库/Training/01 General Information/14 背景提升-学科/浑朴学术资源/授课老师简历/物理CS电气工程博士-田世豪/田世豪 简历.pdf
../途策 知识库/Training/01 General Information/14 背景提升-学科/浑朴学术资源/授课老师简历/生物医学博士-雷舒文.pdf
../途策 知识库/Training/01 General Information/14 背景提升-学科/浑朴学术资源/（三方）导师的学术工作背景与可教授专业.pdf
../途策 知识库/Training/01 General Information/14 背景提升-学科/竞赛和夏校科普向整理.docx
../途策 知识库/Training/01 General Information/14 背景提升-学科/绽放第十八届新概念作文获奖者作品精选（B卷）.pdf
../途策 知识库/Training/01 General Information/15 竞品分析/新东方背提规划/明德立人本科留学手册.pdf
../途策 知识库/Training/01 General Information/15 竞品分析/新东方背提规划/精英学院服务流程SOP12.31(1).docx
../途策 知识库/Training/01 General Information/15 竞品分析/新东方背提规划/美本科规划书模板(1).docx
../途策 知识库/Training/01 General Information/15 竞品分析/新东方背提规划/附件3-美国本科全规划表(1).xlsx
../途策 知识库/Training/01 General Information/15 竞品分析/竞品分析.xlsx
../途策 知识库/Training/01 General Information/Catalyst Student Mentor List.xlsx
../途策 知识库/Training/01 General Information/Training Folder Structure.pdf
../途策 知识库/Training/02 Case Studies/21 Catalyst/4.2 案例分享.pptx
../途策 知识库/Training/02 Case Studies/21 Catalyst/LAC02 Amherst College 2023/Anna Chen_CA_RD Amherst.pdf
../途策 知识库/Training/02 Case Studies/21 Catalyst/LAC04 Pomona College/Pomona_ED_Wenhan Guo.pdf
../途策 知识库/Training/02 Case Studies/21 Catalyst/LAC04 Swarthmore College 2023/2023_Emily Li_Swarthmore College_Notes.docx
../途策 知识库/Training/02 Case Studies/21 Catalyst/LAC04 Swarthmore College 2023/Emily Li_CA_Swarthmore Preview.pdf
../途策 知识库/Training/02 Case Studies/21 Catalyst/LAC04 Swarthmore College 2023/Jerry Xie 解泽煜HFI 2023届 案例分享.docx
../途策 知识库/Training/02 Case Studies/21 Catalyst/LAC04 Swarthmore College 2023/Swarthmore-CA.pdf
../途策 知识库/Training/02 Case Studies/21 Catalyst/LAC05 Wellesley College 2022/2022_Helena Cao_Defer Letter.pdf
../途策 知识库/Training/02 Case Studies/21 Catalyst/LAC05 Wellesley College 2022/2022_Helena Cao_ED1_CA.pdf
../途策 知识库/Training/02 Case Studies/21 Catalyst/LAC05 Wellesley College 2022/2022_Helena Cao_ED1_Wellesley supp.pdf
../途策 知识库/Training/02 Case Studies/21 Catalyst/LAC05 Wellesley College 2022/2022_Helena Cao_Wellesley College_Notes.docx
../途策 知识库/Training/02 Case Studies/21 Catalyst/LAC05 Wellesley College 2022/2023_Erica Zhang_Wellesley_RD.pdf
../途策 知识库/Training/02 Case Studies/21 Catalyst/LAC09 Middlebury College/Jasmine Ma 麻嘉芸_深贝_Middlebury.pdf
../途策 知识库/Training/02 Case Studies/21 Catalyst/LAC11 Washington & Lee 2023/2023_Angel Zhou_ED2/W&L Angel Zhou.docx
../途策 知识库/Training/02 Case Studies/21 Catalyst/LAC11 Washington & Lee 2023/2023_Angel Zhou_ED2/Washington and Lee - Angel Zhou.pdf
../途策 知识库/Training/02 Case Studies/21 Catalyst/LAC11 Washington & Lee 2023/2023_Sonic Zhang_Ed1/CA-W & L ED-Sonic Zhang.pdf
../途策 知识库/Training/02 Case Studies/21 Catalyst/LAC11 Washington & Lee 2023/2023_Sonic Zhang_Ed1/上海平和IB 2023届张熙言Sonic.docx
../途策 知识库/Training/02 Case Studies/21 Catalyst/LAC16 Haverford College 2022/Aaron Gu 古桂滔Haverford Notes.docx
../途策 知识库/Training/02 Case Studies/21 Catalyst/LAC16 Haverford College 2022/Aaron Gu-Haverford College2022.pdf
../途策 知识库/Training/02 Case Studies/21 Catalyst/LAC28 Harvey Mudd College 2022/2022_Bob Zeng _ED2/2022_Bob Zeng _ED2_CA.pdf
../途策 知识库/Training/02 Case Studies/21 Catalyst/LAC28 Harvey Mudd College 2022/2022_Bob Zeng _ED2/2022_CMU_Bob Zeng_4th check.pdf
../途策 知识库/Training/02 Case Studies/21 Catalyst/LAC28 Harvey Mudd College 2022/2022_Bob Zeng _ED2/2022_CMU_Bob Zeng_Supp.pdf
../途策 知识库/Training/02 Case Studies/21 Catalyst/U02 Columbia University 2023/Andy Jeon_CA_Columbia Supp.pdf
../途策 知识库/Training/02 Case Studies/21 Catalyst/U02 Columbia University 2023/Andy Jeon_CA_ED Columbia.pdf
../途策 知识库/Training/02 Case Studies/21 Catalyst/U02 Columbia University 2023/Anna Chen_CA_RD Columbia.pdf
../途策 知识库/Training/02 Case Studies/21 Catalyst/U02 Columbia University 2023/Ariel Yu 2022/2022_Ariel Yu_Columbia_RD_Notes.docx
../途策 知识库/Training/02 Case Studies/21 Catalyst/U02 Columbia University 2023/Ariel Yu 2022/Ariel Yu_Columbia CA_RD.pdf
../途策 知识库/Training/02 Case Studies/21 Catalyst/U02 Columbia University 2023/Ariel Yu 2022/Ariel Yu_Columbia Supp_RD.pdf
../途策 知识库/Training/02 Case Studies/21 Catalyst/U06 University of Chicago 2022/2021_Zhang Zhongyuan_Chicago CA.pdf
../途策 知识库/Training/02 Case Studies/21 Catalyst/U06 University of Chicago 2022/2021_Zhang Zhongyuan_Chicago.pdf
../途策 知识库/Training/02 Case Studies/21 Catalyst/U06 University of Chicago 2022/2022 Barbara Wang_UChicago Supplement.pdf
../途策 知识库/Training/02 Case Studies/21 Catalyst/U06 University of Chicago 2022/2022 Barbara Wang_Uchicago CA.pdf
../途策 知识库/Training/02 Case Studies/21 Catalyst/U06 University of Chicago 2022/2022_Barbara Wang_UChicago_Notes.docx
../途策 知识库/Training/02 Case Studies/21 Catalyst/U09 Duke University 2022/2022_Ruitao Yang_RD/Ruitao Yang_Duke supp.pdf
../途策 知识库/Training/02 Case Studies/21 Catalyst/U09 Duke University 2022/2022_Ruitao Yang_RD/Ruitao Yang_Duke.pdf
../途策 知识库/Training/02 Case Studies/21 Catalyst/U09 Duke University 2022/2022_Teresa Chen_ED1/2022_Teresa Chen_ED1_CA.pdf
../途策 知识库/Training/02 Case Studies/21 Catalyst/U09 Duke University 2022/2022_Teresa Chen_ED1/2022_Teresa Chen_ED1_Notes.pdf
../途策 知识库/Training/02 Case Studies/21 Catalyst/U09 Duke University 2022/2023_Tony Tian_RD/Duke - Tony Tian.pdf
../途策 知识库/Training/02 Case Studies/21 Catalyst/U09 Duke University 2022/2023_Tony Tian_RD/Duke supp - Tony Tian.pdf
../途策 知识库/Training/02 Case Studies/21 Catalyst/U17 Cornell University 2022/2023_Lixing Li_HFI/Lixing Li_Cornell_RD.pdf
../途策 知识库/Training/02 Case Studies/21 Catalyst/U17 Cornell University 2022/2023_Lixing Li_HFI/Lixing Li_Cornell_Supp.pdf
../途策 知识库/Training/02 Case Studies/21 Catalyst/U25 Carnegie Mellon University 2022/2022_Happy He_RD/Happy He 案例分享.docx
../途策 知识库/Training/02 Case Studies/21 Catalyst/U25 Carnegie Mellon University 2022/2022_Happy He_RD/Happy He_CMU supp.pdf
../途策 知识库/Training/02 Case Studies/21 Catalyst/U25 Carnegie Mellon University 2022/2022_Happy He_RD/Happy He_CMU.pdf
../途策 知识库/Training/02 Case Studies/21 Catalyst/U25 Carnegie Mellon University 2022/2022_Winnie Kang_ED1/2022_Winnie Kang_ED1_CA.pdf
../途策 知识库/Training/02 Case Studies/21 Catalyst/U25 Carnegie Mellon University 2022/2022_Winnie Kang_ED1/2022_Winnie Kang_ED1_Notes.docx
../途策 知识库/Training/02 Case Studies/21 Catalyst/U25 Carnegie Mellon University 2022/2022_Yilei Huang_ED2/2022_Yilei Huang_ED2_CA.pdf
../途策 知识库/Training/02 Case Studies/21 Catalyst/U28 New York University/2023_William Zhang_ED1/NYU - William Zhang.pdf
../途策 知识库/Training/02 Case Studies/21 Catalyst/UCB Waitlist - final.docx
../途策 知识库/Training/02 Case Studies/22 Others/2016Princeton-RD.pdf
../途策 知识库/Training/02 Case Studies/22 Others/2017-Northwestern-RD.pdf
../途策 知识库/Training/02 Case Studies/22 Others/2017CMC-ED.pdf
../途策 知识库/Training/02 Case Studies/22 Others/2017Columbia-ED.pdf
../途策 知识库/Training/02 Case Studies/22 Others/2017Cornell, Pomona-RD.pdf
../途策 知识库/Training/02 Case Studies/22 Others/2017Tufts-ED2.pdf
../途策 知识库/Training/02 Case Studies/22 Others/2017UPenn-RD.pdf
../途策 知识库/Training/02 Case Studies/22 Others/2018-Brown-RD.pdf
../途策 知识库/Training/02 Case Studies/22 Others/2018-Cornell-ED.pdf
../途策 知识库/Training/02 Case Studies/22 Others/2018Berkeley.pdf
../途策 知识库/Training/02 Case Studies/22 Others/2018Brown-RD.pdf
../途策 知识库/Training/02 Case Studies/22 Others/2018Cornell-ED.pdf
../途策 知识库/Training/02 Case Studies/22 Others/2018Northwestern-ED.pdf
../途策 知识库/Training/02 Case Studies/22 Others/2018Stanford, Dartmouth, JHU-RD.pdf
../途策 知识库/Training/02 Case Studies/22 Others/2018Uchi-ED.pdf
../途策 知识库/Training/02 Case Studies/22 Others/2018YALE-REA.pdf
../途策 知识库/Training/02 Case Studies/22 Others/2021北师大实验周同学（计算机+数学UCSD）.pdf
../途策 知识库/Training/02 Case Studies/22 Others/2022 UNC转Vandy & Barnard.pdf
../途策 知识库/Training/02 Case Studies/22 Others/2022世外中学升学分享会+艺体+传媒+设计.docx
../途策 知识库/Training/02 Case Studies/22 Others/2022世外中学升学分享会+（社会学+人文+文化）.docx
../途策 知识库/Training/02 Case Studies/22 Others/德明_芝大、JHU 录取学生实例.pdf
../途策 知识库/Training/02 Case Studies/23 Personal Story Plan/Annie Chen 陈炜晴  Personal Story.docx
../途策 知识库/Training/02 Case Studies/23 Personal Story Plan/Madeline - 采访稿 V2.docx
../途策 知识库/Training/02 Case Studies/23 Personal Story Plan/Personal Project Summer Planning Document - Jasmine Ma.docx
../途策 知识库/Training/02 Case Studies/23 Personal Story Plan/Personal Project Summer Planning Document - Joseph Wu.docx
../途策 知识库/Training/02 Case Studies/23 Personal Story Plan/Personal Project Summer Planning Document - Madeline Shi.docx
../途策 知识库/Training/02 Case Studies/23 Personal Story Plan/Personal Project Summer Planning Document - Tony Fan.docx
../途策 知识库/Training/02 Case Studies/23 Personal Story Plan/Personal Project Summer Planning Document _Susan Zheng - Teddy notes.docx
../途策 知识库/Training/02 Case Studies/23 Personal Story Plan/Personal Project Summer Planning Document-Alina Pan.docx
../途策 知识库/Training/02 Case Studies/23 Personal Story Plan/Scarlett He Planning Document.docx
../途策 知识库/Training/02 Case Studies/23 Personal Story Plan/Steven Zhou 周博洋 Personal Story_Finalized.docx
../途策 知识库/Training/02 Case Studies/23 Personal Story Plan/Summer Planning Document - Lixing.docx
../途策 知识库/Training/02 Case Studies/23 Personal Story Plan/Tony Tian - Personal Project Summer Planning Document v2.docx
../途策 知识库/Training/02 Case Studies/23 Personal Story Plan/生物化学_Bruce Zhang.pptx
../途策 知识库/Training/02 Case Studies/24 Creative Ideas/210708-Delilah-人类学&社会学.pdf
../途策 知识库/Training/02 Case Studies/24 Creative Ideas/210902-Delilah-社交媒体如何制造流行.pdf
../途策 知识库/Training/02 Case Studies/24 Creative Ideas/220302-Delilah-量化社科+数字人文介绍.docx
../途策 知识库/Training/02 Case Studies/24 Creative Ideas/220512-Jared-除了编程和设计 电子游戏中还有哪些值得挖掘的亮点.pptx
../途策 知识库/Training/02 Case Studies/24 Creative Ideas/220927-Donna_Pedigree_how elite students get elite jobs.pdf
../途策 知识库/Training/02 Case Studies/24 Creative Ideas/Creative Activity Ideas.xlsx
../途策 知识库/Training/02 Case Studies/24 Creative Ideas/Jared - 我在电子厂上班.docx
../途策 知识库/Training/02 Case Studies/24 Creative Ideas/Jared - 音乐.doc
../途策 知识库/Training/02 Case Studies/24 Creative Ideas/Jared - 饭圈文化.docx
../途策 知识库/Training/02 Case Studies/24 Creative Ideas/creative idea 6.30 sisi Vtuber.docx
../途策 知识库/Training/03 Catalyst SOP/31 Yicen 讲座/20200213爸爸真棒顾问展讲座文字稿Yicen.docx
../途策 知识库/Training/03 Catalyst SOP/31 Yicen 讲座/4.19双学霸案例分析.pptx
../途策 知识库/Training/03 Catalyst SOP/31 Yicen 讲座/8.28 final留学全知道ppt.pptx
../途策 知识库/Training/03 Catalyst SOP/31 Yicen 讲座/workbook  for Staff training use V2.pptx
../途策 知识库/Training/03 Catalyst SOP/31 Yicen 讲座/如何做到超预期录取 For Staff Training.pptx
../途策 知识库/Training/03 Catalyst SOP/32 综合能力/A Is for Admission.pdf
../途策 知识库/Training/03 Catalyst SOP/32 综合能力/A Is for Admissions_第六章学术指数.pdf
../途策 知识库/Training/03 Catalyst SOP/32 综合能力/Admission Matters What Students and Parents Need to Know About Getting into College by Sally P. Springer, Jon Reider, Joyce Vining Morgan (z-lib.org).pdf
../途策 知识库/Training/03 Catalyst SOP/32 综合能力/College Counseling Workshop.pdf
../途策 知识库/Training/03 Catalyst SOP/32 综合能力/Ethan Sawyer - College Essay Essentials_ A Step-by-Step Guide to Writing a Successful College Admissions Essay (2016, Sourcebooks) - libgen.lc.pdf
../途策 知识库/Training/03 Catalyst SOP/32 综合能力/Jeffrey-Selingo-Who-gets-in-and.pdf
../途策 知识库/Training/03 Catalyst SOP/32 综合能力/the truth about college admission.pdf
../途策 知识库/Training/03 Catalyst SOP/33 规划季流程/33规划季工作要求/Outdated/How to make a Planning Log_Sample_After.xlsx
../途策 知识库/Training/03 Catalyst SOP/33 规划季流程/33规划季工作要求/Outdated/How to make a Planning Log_Sample_Before.xlsx
../途策 知识库/Training/03 Catalyst SOP/33 规划季流程/33规划季工作要求/Outdated/Planning Advisor Weekly Report.xlsx
../途策 知识库/Training/03 Catalyst SOP/33 规划季流程/33规划季工作要求/Outdated/Planning Log SOP_2022.docx
../途策 知识库/Training/03 Catalyst SOP/33 规划季流程/33规划季工作要求/Outdated/Planning Log Template.xlsx
../途策 知识库/Training/03 Catalyst SOP/33 规划季流程/33规划季工作要求/Outdated/Student Name - Summer School Feedback Log 1.0.xlsx
../途策 知识库/Training/03 Catalyst SOP/33 规划季流程/33规划季工作要求/Outdated/申请规划顾问规划季工作流程2022.docx
../途策 知识库/Training/03 Catalyst SOP/33 规划季流程/34Summer App/Handover Process.pdf
../途策 知识库/Training/03 Catalyst SOP/33 规划季流程/Ideas on Becoming a qualified advisor at Catalyst.docx
../途策 知识库/Training/03 Catalyst SOP/33 规划季流程/浑朴线上学术营运营流程v1.docx
../途策 知识库/Training/03 Catalyst SOP/33 规划季流程/苏格拉底营地流程 2.0.docx
../途策 知识库/Training/03 Catalyst SOP/33 规划季流程/阅读写作课程Database.xlsx
../途策 知识库/Training/03 Catalyst SOP/34 申请季流程/2022 Catalyst Planning Team - CA Activity & Honor Finalization Process - updated 9.22.2022.docx
../途策 知识库/Training/03 Catalyst SOP/34 申请季流程/341 Handover and Essay Advisor Onboard/- Handover/2022 Planning Advisor Handover Document (Blank).docx
../途策 知识库/Training/03 Catalyst SOP/34 申请季流程/341 Handover and Essay Advisor Onboard/- Handover/2022 Planning Advisor Handover Document (Example).docx
../途策 知识库/Training/03 Catalyst SOP/34 申请季流程/341 Handover and Essay Advisor Onboard/- Handover/Aldous Fan-2022 Planning Advisor Handover Document.docx
../途策 知识库/Training/03 Catalyst SOP/34 申请季流程/341 Handover and Essay Advisor Onboard/- Handover/Alina Pan-2022 Planning Advisor Handover Document.docx
../途策 知识库/Training/03 Catalyst SOP/34 申请季流程/341 Handover and Essay Advisor Onboard/- Handover/Amy Zhang--2022 Planning Advisor Handover0519 Document.docx
../途策 知识库/Training/03 Catalyst SOP/34 申请季流程/341 Handover and Essay Advisor Onboard/- Handover/Angel Zhou-2022 Planning Advisor Handover Document.docx
../途策 知识库/Training/03 Catalyst SOP/34 申请季流程/341 Handover and Essay Advisor Onboard/- Handover/Cathy Pu-2022 Planning Advisor Handover Document.docx
../途策 知识库/Training/03 Catalyst SOP/34 申请季流程/341 Handover and Essay Advisor Onboard/- Handover/Coco Chen-2022 Planning Advisor Handover Document.docx
../途策 知识库/Training/03 Catalyst SOP/34 申请季流程/341 Handover and Essay Advisor Onboard/- Handover/Dylan Zhang - 2022 Planning Advisor Handover Document.docx
../途策 知识库/Training/03 Catalyst SOP/34 申请季流程/341 Handover and Essay Advisor Onboard/- Handover/Emily Zhang-2022 Planning Advisor Handover Document.docx
../途策 知识库/Training/03 Catalyst SOP/34 申请季流程/341 Handover and Essay Advisor Onboard/- Handover/Garret Li - 2022 Planning Advisor Handover Document.docx
../途策 知识库/Training/03 Catalyst SOP/34 申请季流程/341 Handover and Essay Advisor Onboard/- Handover/Hannah Wang-2022 Planning Advisor Handover Document.docx
../途策 知识库/Training/03 Catalyst SOP/34 申请季流程/341 Handover and Essay Advisor Onboard/- Handover/Helen Zhang--2022 Planning Advisor Handover Document.docx
../途策 知识库/Training/03 Catalyst SOP/34 申请季流程/341 Handover and Essay Advisor Onboard/- Handover/Jason Wang--2022 Planning Advisor Handover Doc.docx
../途策 知识库/Training/03 Catalyst SOP/34 申请季流程/341 Handover and Essay Advisor Onboard/- Handover/Jerry Xie-2022 Planning Advisor Handover Document.docx
../途策 知识库/Training/03 Catalyst SOP/34 申请季流程/341 Handover and Essay Advisor Onboard/- Handover/Jill Fu--2022 Planning Advisor Handover Document.docx
../途策 知识库/Training/03 Catalyst SOP/34 申请季流程/341 Handover and Essay Advisor Onboard/- Handover/Leila Li-2022 Planning Advisor Handover Document.docx
../途策 知识库/Training/03 Catalyst SOP/34 申请季流程/341 Handover and Essay Advisor Onboard/- Handover/Leo Li-2022 Planning Advisor Handover Document.docx
../途策 知识库/Training/03 Catalyst SOP/34 申请季流程/341 Handover and Essay Advisor Onboard/- Handover/Lotus Liu--2022 Planning Advisor Handover Document.docx
../途策 知识库/Training/03 Catalyst SOP/34 申请季流程/341 Handover and Essay Advisor Onboard/- Handover/Processes/Handover Process - updated 5.17.pdf
../途策 知识库/Training/03 Catalyst SOP/34 申请季流程/341 Handover and Essay Advisor Onboard/- Handover/Processes/[Essay] 2022 Essay Advisor Handover Process - updated 5.17.pdf
../途策 知识库/Training/03 Catalyst SOP/34 申请季流程/341 Handover and Essay Advisor Onboard/- Handover/Processes/[Essay] 2022 Essay Advisor Onboarding Process - updated 5.17.pdf
../途策 知识库/Training/03 Catalyst SOP/34 申请季流程/341 Handover and Essay Advisor Onboard/- Handover/Sonic Zhang-2022 Planning Advisor Handover Document.docx
../途策 知识库/Training/03 Catalyst SOP/34 申请季流程/341 Handover and Essay Advisor Onboard/- Handover/Stone Li-2022 Planning Advisor Handover Document.docx
../途策 知识库/Training/03 Catalyst SOP/34 申请季流程/341 Handover and Essay Advisor Onboard/- Handover/Susan Zheng--2022 Planning Advisor Handover Document.docx
../途策 知识库/Training/03 Catalyst SOP/34 申请季流程/341 Handover and Essay Advisor Onboard/- Handover/Thrud Zuo-2022 Planning Advisor Handover Document.docx
../途策 知识库/Training/03 Catalyst SOP/34 申请季流程/341 Handover and Essay Advisor Onboard/- Handover/Tom Zhang-2022 Planning Advisor Handover Document.docx
../途策 知识库/Training/03 Catalyst SOP/34 申请季流程/341 Handover and Essay Advisor Onboard/- Handover/Tony Fan--2022 Planning Advisor Handover Document.docx
../途策 知识库/Training/03 Catalyst SOP/34 申请季流程/341 Handover and Essay Advisor Onboard/- Handover/Tony Tian-2022 Planning Advisor Handover Document.docx
../途策 知识库/Training/03 Catalyst SOP/34 申请季流程/341 Handover and Essay Advisor Onboard/- Handover/Tyler Zhang--2022 Planning Advisor Handover Document.docx
../途策 知识库/Training/03 Catalyst SOP/34 申请季流程/341 Handover and Essay Advisor Onboard/- Handover/William Zhang-2022 Planning Advisor Handover Document.docx
../途策 知识库/Training/03 Catalyst SOP/34 申请季流程/341 Handover and Essay Advisor Onboard/Personal Project Summer Planning Document(1)(1)(1).docx
../途策 知识库/Training/03 Catalyst SOP/34 申请季流程/342 School Selection/12月1号前学校截止.txt
../途策 知识库/Training/03 Catalyst SOP/34 申请季流程/342 School Selection/School Selection Form - Student Name.xlsx
../途策 知识库/Training/03 Catalyst SOP/34 申请季流程/342 School Selection/发布模板.txt
../途策 知识库/Training/03 Catalyst SOP/34 申请季流程/342 School Selection/浑朴内部培训ED选校.pptx
../途策 知识库/Training/03 Catalyst SOP/34 申请季流程/342 School Selection/申请季选校数据库.xlsx
../途策 知识库/Training/03 Catalyst SOP/34 申请季流程/343 Checklist/2020 申请季Checklist/2020 Amherst College Checklist.docx
../途策 知识库/Training/03 Catalyst SOP/34 申请季流程/343 Checklist/2020 申请季Checklist/2020 Barnard College Checklist.docx
../途策 知识库/Training/03 Catalyst SOP/34 申请季流程/343 Checklist/2020 申请季Checklist/2020 Boston College Checklist.docx
../途策 知识库/Training/03 Catalyst SOP/34 申请季流程/343 Checklist/2020 申请季Checklist/2020 Boston University Checklist.docx
../途策 知识库/Training/03 Catalyst SOP/34 申请季流程/343 Checklist/2020 申请季Checklist/2020 Bowdoin College Checklist.docx
../途策 知识库/Training/03 Catalyst SOP/34 申请季流程/343 Checklist/2020 申请季Checklist/2020 Brandeis University Checklist.docx
../途策 知识库/Training/03 Catalyst SOP/34 申请季流程/343 Checklist/2020 申请季Checklist/2020 Brown University Checklist.docx
../途策 知识库/Training/03 Catalyst SOP/34 申请季流程/343 Checklist/2020 申请季Checklist/2020 Bryn Mawr College Checklist.docx
../途策 知识库/Training/03 Catalyst SOP/34 申请季流程/343 Checklist/2020 申请季Checklist/2020 California Institute of Technology.docx
../途策 知识库/Training/03 Catalyst SOP/34 申请季流程/343 Checklist/2020 申请季Checklist/2020 Carleton College Checklist.docx
../途策 知识库/Training/03 Catalyst SOP/34 申请季流程/343 Checklist/2020 申请季Checklist/2020 Carnegie Mellon University checklist.docx
../途策 知识库/Training/03 Catalyst SOP/34 申请季流程/343 Checklist/2020 申请季Checklist/2020 Case Western Reserve University.docx
../途策 知识库/Training/03 Catalyst SOP/34 申请季流程/343 Checklist/2020 申请季Checklist/2020 Chicago University Checklist.docx
../途策 知识库/Training/03 Catalyst SOP/34 申请季流程/343 Checklist/2020 申请季Checklist/2020 Claremont McKenna College Checklist.docx
../途策 知识库/Training/03 Catalyst SOP/34 申请季流程/343 Checklist/2020 申请季Checklist/2020 Colby College Checklist.docx
../途策 知识库/Training/03 Catalyst SOP/34 申请季流程/343 Checklist/2020 申请季Checklist/2020 College of William and Mary.docx
../途策 知识库/Training/03 Catalyst SOP/34 申请季流程/343 Checklist/2020 申请季Checklist/2020 Columbia University Checklist.docx
../途策 知识库/Training/03 Catalyst SOP/34 申请季流程/343 Checklist/2020 申请季Checklist/2020 Cornell University Checklist.docx
../途策 知识库/Training/03 Catalyst SOP/34 申请季流程/343 Checklist/2020 申请季Checklist/2020 Dartmouth College Checklist.docx
../途策 知识库/Training/03 Catalyst SOP/34 申请季流程/343 Checklist/2020 申请季Checklist/2020 Davidson College Checklist.docx
../途策 知识库/Training/03 Catalyst SOP/34 申请季流程/343 Checklist/2020 申请季Checklist/2020 Duke University Checklist.docx
../途策 知识库/Training/03 Catalyst SOP/34 申请季流程/343 Checklist/2020 申请季Checklist/2020 Emory University Checklist.docx
../途策 知识库/Training/03 Catalyst SOP/34 申请季流程/343 Checklist/2020 申请季Checklist/2020 Florida State University Checklist.docx
../途策 知识库/Training/03 Catalyst SOP/34 申请季流程/343 Checklist/2020 申请季Checklist/2020 Fordham University Checklist.docx
../途策 知识库/Training/03 Catalyst SOP/34 申请季流程/343 Checklist/2020 申请季Checklist/2020 Georgetown Checklist.docx
../途策 知识库/Training/03 Catalyst SOP/34 申请季流程/343 Checklist/2020 申请季Checklist/2020 Georgia Institute of Technology.docx
../途策 知识库/Training/03 Catalyst SOP/34 申请季流程/343 Checklist/2020 申请季Checklist/2020 Harvard University Checklist.docx
../途策 知识库/Training/03 Catalyst SOP/34 申请季流程/343 Checklist/2020 申请季Checklist/2020 Haverford College Checklist.docx
../途策 知识库/Training/03 Catalyst SOP/34 申请季流程/343 Checklist/2020 申请季Checklist/2020 Johns Hopkins University Checklist.docx
../途策 知识库/Training/03 Catalyst SOP/34 申请季流程/343 Checklist/2020 申请季Checklist/2020 Leigh University Checklist.docx
../途策 知识库/Training/03 Catalyst SOP/34 申请季流程/343 Checklist/2020 申请季Checklist/2020 MIT Checklist.docx
../途策 知识库/Training/03 Catalyst SOP/34 申请季流程/343 Checklist/2020 申请季Checklist/2020 Middlebury College Checklist.docx
../途策 知识库/Training/03 Catalyst SOP/34 申请季流程/343 Checklist/2020 申请季Checklist/2020 Mount Holyoke College Checklist.docx
../途策 知识库/Training/03 Catalyst SOP/34 申请季流程/343 Checklist/2020 申请季Checklist/2020 NUS Checklist updated.docx
../途策 知识库/Training/03 Catalyst SOP/34 申请季流程/343 Checklist/2020 申请季Checklist/2020 New York University Checklist.docx
../途策 知识库/Training/03 Catalyst SOP/34 申请季流程/343 Checklist/2020 申请季Checklist/2020 Northeastern University University.docx
../途策 知识库/Training/03 Catalyst SOP/34 申请季流程/343 Checklist/2020 申请季Checklist/2020 Northwestern University Checklist.docx
../途策 知识库/Training/03 Catalyst SOP/34 申请季流程/343 Checklist/2020 申请季Checklist/2020 Oberlin College Checklist.docx
../途策 知识库/Training/03 Catalyst SOP/34 申请季流程/343 Checklist/2020 申请季Checklist/2020 Ohio State University Checklist.docx
../途策 知识库/Training/03 Catalyst SOP/34 申请季流程/343 Checklist/2020 申请季Checklist/2020 Penn State University Checklist.docx
../途策 知识库/Training/03 Catalyst SOP/34 申请季流程/343 Checklist/2020 申请季Checklist/2020 Pepperdine University Checklist.docx
../途策 知识库/Training/03 Catalyst SOP/34 申请季流程/343 Checklist/2020 申请季Checklist/2020 Pomona College Checklist.docx
../途策 知识库/Training/03 Catalyst SOP/34 申请季流程/343 Checklist/2020 申请季Checklist/2020 Princeton University Checklist.docx
../途策 知识库/Training/03 Catalyst SOP/34 申请季流程/343 Checklist/2020 申请季Checklist/2020 Purdue University Checklist.docx
../途策 知识库/Training/03 Catalyst SOP/34 申请季流程/343 Checklist/2020 申请季Checklist/2020 Rensselaer Polytechnic Institute Checklist.docx
../途策 知识库/Training/03 Catalyst SOP/34 申请季流程/343 Checklist/2020 申请季Checklist/2020 Rice University Checklist.docx
../途策 知识库/Training/03 Catalyst SOP/34 申请季流程/343 Checklist/2020 申请季Checklist/2020 Rutgers University checklist.docx
../途策 知识库/Training/03 Catalyst SOP/34 申请季流程/343 Checklist/2020 申请季Checklist/2020 Santa Clara University Checklist.docx
../途策 知识库/Training/03 Catalyst SOP/34 申请季流程/343 Checklist/2020 申请季Checklist/2020 Smith College Checklist.docx
../途策 知识库/Training/03 Catalyst SOP/34 申请季流程/343 Checklist/2020 申请季Checklist/2020 Stanford University Checklist.docx
../途策 知识库/Training/03 Catalyst SOP/34 申请季流程/343 Checklist/2020 申请季Checklist/2020 Swarthmore College Checklist.docx
../途策 知识库/Training/03 Catalyst SOP/34 申请季流程/343 Checklist/2020 申请季Checklist/2020 Syracuse University Checklist.docx
../途策 知识库/Training/03 Catalyst SOP/34 申请季流程/343 Checklist/2020 申请季Checklist/2020 Tufts University Checklist.docx
../途策 知识库/Training/03 Catalyst SOP/34 申请季流程/343 Checklist/2020 申请季Checklist/2020 Tulane University Checklist.docx
../途策 知识库/Training/03 Catalyst SOP/34 申请季流程/343 Checklist/2020 申请季Checklist/2020 U Wisconsin Madison Checklist.docx
../途策 知识库/Training/03 Catalyst SOP/34 申请季流程/343 Checklist/2020 申请季Checklist/2020 UIUC Checklist.docx
../途策 知识库/Training/03 Catalyst SOP/34 申请季流程/343 Checklist/2020 申请季Checklist/2020 University of California Checklist.docx
../途策 知识库/Training/03 Catalyst SOP/34 申请季流程/343 Checklist/2020 申请季Checklist/2020 University of Chicago Checklist.docx
../途策 知识库/Training/03 Catalyst SOP/34 申请季流程/343 Checklist/2020 申请季Checklist/2020 University of Florida Checklist.docx
../途策 知识库/Training/03 Catalyst SOP/34 申请季流程/343 Checklist/2020 申请季Checklist/2020 University of Georgia Checklist.docx
../途策 知识库/Training/03 Catalyst SOP/34 申请季流程/343 Checklist/2020 申请季Checklist/2020 University of Miami Checklist.docx
../途策 知识库/Training/03 Catalyst SOP/34 申请季流程/343 Checklist/2020 申请季Checklist/2020 University of Michigan Checklist.docx
../途策 知识库/Training/03 Catalyst SOP/34 申请季流程/343 Checklist/2020 申请季Checklist/2020 University of North Carolina at Chapel Hill Checklist Updated.docx
../途策 知识库/Training/03 Catalyst SOP/34 申请季流程/343 Checklist/2020 申请季Checklist/2020 University of Notre Dame Checklist.docx
../途策 知识库/Training/03 Catalyst SOP/34 申请季流程/343 Checklist/2020 申请季Checklist/2020 University of Pennsylvania Checklist.docx
../途策 知识库/Training/03 Catalyst SOP/34 申请季流程/343 Checklist/2020 申请季Checklist/2020 University of Pittsburgh Checklist.docx
../途策 知识库/Training/03 Catalyst SOP/34 申请季流程/343 Checklist/2020 申请季Checklist/2020 University of Richmond Checklist.docx
../途策 知识库/Training/03 Catalyst SOP/34 申请季流程/343 Checklist/2020 申请季Checklist/2020 University of Rochester Checklist.docx
../途策 知识库/Training/03 Catalyst SOP/34 申请季流程/343 Checklist/2020 申请季Checklist/2020 University of Southern California Checklist.docx
../途策 知识库/Training/03 Catalyst SOP/34 申请季流程/343 Checklist/2020 申请季Checklist/2020 University of Texas at Austin Checklist.docx
../途策 知识库/Training/03 Catalyst SOP/34 申请季流程/343 Checklist/2020 申请季Checklist/2020 University of Virginia Checklist.docx
../途策 知识库/Training/03 Catalyst SOP/34 申请季流程/343 Checklist/2020 申请季Checklist/2020 Vanderbilt University Checklist.docx
../途策 知识库/Training/03 Catalyst SOP/34 申请季流程/343 Checklist/2020 申请季Checklist/2020 Villanova University Checklist.docx
../途策 知识库/Training/03 Catalyst SOP/34 申请季流程/343 Checklist/2020 申请季Checklist/2020 Wake Forest Checklist.docx
../途策 知识库/Training/03 Catalyst SOP/34 申请季流程/343 Checklist/2020 申请季Checklist/2020 Washington University in St. Louis Checklist.docx
../途策 知识库/Training/03 Catalyst SOP/34 申请季流程/343 Checklist/2020 申请季Checklist/2020 Wellesley College Checklist.docx
../途策 知识库/Training/03 Catalyst SOP/34 申请季流程/343 Checklist/2020 申请季Checklist/2020 Wesleyan University Checklist.docx
../途策 知识库/Training/03 Catalyst SOP/34 申请季流程/343 Checklist/2020 申请季Checklist/2020 Williams College Checklist.docx
../途策 知识库/Training/03 Catalyst SOP/34 申请季流程/343 Checklist/2020 申请季Checklist/2020 Yale University Checklist.docx
../途策 知识库/Training/03 Catalyst SOP/34 申请季流程/343 Checklist/2020 申请季Checklist/2020 学校变更总结 915.docx
../途策 知识库/Training/03 Catalyst SOP/34 申请季流程/343 Checklist/2020 申请季Checklist/2021 Bowdoin College Checklist.docx
../途策 知识库/Training/03 Catalyst SOP/34 申请季流程/343 Checklist/2020 申请季Checklist/2021 Smith College Checklist.docx
../途策 知识库/Training/03 Catalyst SOP/34 申请季流程/343 Checklist/2020 申请季Checklist/2021 Williams College Checklist.docx
../途策 知识库/Training/03 Catalyst SOP/34 申请季流程/343 Checklist/2021 申请季checklist/2021 Amherst College Checklist.docx
../途策 知识库/Training/03 Catalyst SOP/34 申请季流程/343 Checklist/2021 申请季checklist/2021 Bard College Checklist.docx
../途策 知识库/Training/03 Catalyst SOP/34 申请季流程/343 Checklist/2021 申请季checklist/2021 Barnard College Checklist.docx
../途策 知识库/Training/03 Catalyst SOP/34 申请季流程/343 Checklist/2021 申请季checklist/2021 Boston College Checklist.docx
../途策 知识库/Training/03 Catalyst SOP/34 申请季流程/343 Checklist/2021 申请季checklist/2021 Boston University Checklist.docx
../途策 知识库/Training/03 Catalyst SOP/34 申请季流程/343 Checklist/2021 申请季checklist/2021 Brandeis University Checklist.docx
../途策 知识库/Training/03 Catalyst SOP/34 申请季流程/343 Checklist/2021 申请季checklist/2021 Brown University Checklist.docx
../途策 知识库/Training/03 Catalyst SOP/34 申请季流程/343 Checklist/2021 申请季checklist/2021 Bryn Mawr College Checklist.docx
../途策 知识库/Training/03 Catalyst SOP/34 申请季流程/343 Checklist/2021 申请季checklist/2021 California Institute of Technology.docx
../途策 知识库/Training/03 Catalyst SOP/34 申请季流程/343 Checklist/2021 申请季checklist/2021 Carleton College Checklist.docx
../途策 知识库/Training/03 Catalyst SOP/34 申请季流程/343 Checklist/2021 申请季checklist/2021 Carnegie Mellon University checklist.docx
../途策 知识库/Training/03 Catalyst SOP/34 申请季流程/343 Checklist/2021 申请季checklist/2021 Case Western Reserve University.docx
../途策 知识库/Training/03 Catalyst SOP/34 申请季流程/343 Checklist/2021 申请季checklist/2021 Chapman University Checklist.docx
../途策 知识库/Training/03 Catalyst SOP/34 申请季流程/343 Checklist/2021 申请季checklist/2021 Claremont McKenna College Checklist.docx
../途策 知识库/Training/03 Catalyst SOP/34 申请季流程/343 Checklist/2021 申请季checklist/2021 Colby College Checklist.docx
../途策 知识库/Training/03 Catalyst SOP/34 申请季流程/343 Checklist/2021 申请季checklist/2021 Colgate University Checklist.docx
../途策 知识库/Training/03 Catalyst SOP/34 申请季流程/343 Checklist/2021 申请季checklist/2021 College of William and Mary.docx
../途策 知识库/Training/03 Catalyst SOP/34 申请季流程/343 Checklist/2021 申请季checklist/2021 Columbia University Checklist.docx
../途策 知识库/Training/03 Catalyst SOP/34 申请季流程/343 Checklist/2021 申请季checklist/2021 Cornell University Checklist.docx
../途策 知识库/Training/03 Catalyst SOP/34 申请季流程/343 Checklist/2021 申请季checklist/2021 Dartmouth College Checklist.docx
../途策 知识库/Training/03 Catalyst SOP/34 申请季流程/343 Checklist/2021 申请季checklist/2021 Davidson College Checklist.docx
../途策 知识库/Training/03 Catalyst SOP/34 申请季流程/343 Checklist/2021 申请季checklist/2021 Duke University Checklist.docx
../途策 知识库/Training/03 Catalyst SOP/34 申请季流程/343 Checklist/2021 申请季checklist/2021 Emerson College Checklist.docx
../途策 知识库/Training/03 Catalyst SOP/34 申请季流程/343 Checklist/2021 申请季checklist/2021 Emory University Checklist.docx
../途策 知识库/Training/03 Catalyst SOP/34 申请季流程/343 Checklist/2021 申请季checklist/2021 Florida State University Checklist.docx
../途策 知识库/Training/03 Catalyst SOP/34 申请季流程/343 Checklist/2021 申请季checklist/2021 Fordham University Checklist.docx
../途策 知识库/Training/03 Catalyst SOP/34 申请季流程/343 Checklist/2021 申请季checklist/2021 Georgetown Checklist.docx
../途策 知识库/Training/03 Catalyst SOP/34 申请季流程/343 Checklist/2021 申请季checklist/2021 Georgia Institute of Technology.docx
../途策 知识库/Training/03 Catalyst SOP/34 申请季流程/343 Checklist/2021 申请季checklist/2021 Hamilton College Checklist.docx
../途策 知识库/Training/03 Catalyst SOP/34 申请季流程/343 Checklist/2021 申请季checklist/2021 Harvard University Checklist.docx
../途策 知识库/Training/03 Catalyst SOP/34 申请季流程/343 Checklist/2021 申请季checklist/2021 Harvey Mudd College Checklist.docx
../途策 知识库/Training/03 Catalyst SOP/34 申请季流程/343 Checklist/2021 申请季checklist/2021 Haverford College Checklist.docx
../途策 知识库/Training/03 Catalyst SOP/34 申请季流程/343 Checklist/2021 申请季checklist/2021 Johns Hopkins University Checklist.docx
../途策 知识库/Training/03 Catalyst SOP/34 申请季流程/343 Checklist/2021 申请季checklist/2021 Lehigh University Checklist.docx
../途策 知识库/Training/03 Catalyst SOP/34 申请季流程/343 Checklist/2021 申请季checklist/2021 MIT Checklist.docx
../途策 知识库/Training/03 Catalyst SOP/34 申请季流程/343 Checklist/2021 申请季checklist/2021 Middlebury College Checklist.docx
../途策 知识库/Training/03 Catalyst SOP/34 申请季流程/343 Checklist/2021 申请季checklist/2021 Mount Holyoke College Checklist.docx
../途策 知识库/Training/03 Catalyst SOP/34 申请季流程/343 Checklist/2021 申请季checklist/2021 New York University Checklist.docx
../途策 知识库/Training/03 Catalyst SOP/34 申请季流程/343 Checklist/2021 申请季checklist/2021 Northeastern University University.docx
../途策 知识库/Training/03 Catalyst SOP/34 申请季流程/343 Checklist/2021 申请季checklist/2021 Northwestern University Checklist.docx
../途策 知识库/Training/03 Catalyst SOP/34 申请季流程/343 Checklist/2021 申请季checklist/2021 Ohio State University Checklist.docx
../途策 知识库/Training/03 Catalyst SOP/34 申请季流程/343 Checklist/2021 申请季checklist/2021 Penn State University Checklist.docx
../途策 知识库/Training/03 Catalyst SOP/34 申请季流程/343 Checklist/2021 申请季checklist/2021 Pepperdine University Checklist.docx
../途策 知识库/Training/03 Catalyst SOP/34 申请季流程/343 Checklist/2021 申请季checklist/2021 Pomona College Checklist.docx
../途策 知识库/Training/03 Catalyst SOP/34 申请季流程/343 Checklist/2021 申请季checklist/2021 Princeton University Checklist.docx
../途策 知识库/Training/03 Catalyst SOP/34 申请季流程/343 Checklist/2021 申请季checklist/2021 Purdue University Checklist.docx
../途策 知识库/Training/03 Catalyst SOP/34 申请季流程/343 Checklist/2021 申请季checklist/2021 Rensselaer Polytechnic Institute Checklist.docx
../途策 知识库/Training/03 Catalyst SOP/34 申请季流程/343 Checklist/2021 申请季checklist/2021 Rice University Checklist.docx
../途策 知识库/Training/03 Catalyst SOP/34 申请季流程/343 Checklist/2021 申请季checklist/2021 Rutgers University checklist.docx
../途策 知识库/Training/03 Catalyst SOP/34 申请季流程/343 Checklist/2021 申请季checklist/2021 Santa Clara University Checklist.docx
../途策 知识库/Training/03 Catalyst SOP/34 申请季流程/343 Checklist/2021 申请季checklist/2021 Stanford University Checklist.docx
../途策 知识库/Training/03 Catalyst SOP/34 申请季流程/343 Checklist/2021 申请季checklist/2021 Swarthmore College Checklist.docx
../途策 知识库/Training/03 Catalyst SOP/34 申请季流程/343 Checklist/2021 申请季checklist/2021 Syracuse University Checklist.docx
../途策 知识库/Training/03 Catalyst SOP/34 申请季流程/343 Checklist/2021 申请季checklist/2021 Tufts University Checklist.docx
../途策 知识库/Training/03 Catalyst SOP/34 申请季流程/343 Checklist/2021 申请季checklist/2021 Tulane University Checklist.docx
../途策 知识库/Training/03 Catalyst SOP/34 申请季流程/343 Checklist/2021 申请季checklist/2021 UIUC Checklist.docx
../途策 知识库/Training/03 Catalyst SOP/34 申请季流程/343 Checklist/2021 申请季checklist/2021 University of California Checklist.docx
../途策 知识库/Training/03 Catalyst SOP/34 申请季流程/343 Checklist/2021 申请季checklist/2021 University of Chicago Checklist.docx
../途策 知识库/Training/03 Catalyst SOP/34 申请季流程/343 Checklist/2021 申请季checklist/2021 University of Florida Checklist.docx
../途策 知识库/Training/03 Catalyst SOP/34 申请季流程/343 Checklist/2021 申请季checklist/2021 University of Georgia Checklist.docx
../途策 知识库/Training/03 Catalyst SOP/34 申请季流程/343 Checklist/2021 申请季checklist/2021 University of Maryland-Park.docx
../途策 知识库/Training/03 Catalyst SOP/34 申请季流程/343 Checklist/2021 申请季checklist/2021 University of Miami Checklist.docx
../途策 知识库/Training/03 Catalyst SOP/34 申请季流程/343 Checklist/2021 申请季checklist/2021 University of Michigan Checklist.docx
../途策 知识库/Training/03 Catalyst SOP/34 申请季流程/343 Checklist/2021 申请季checklist/2021 University of North Carolina at Chapel Hill Checklist.docx
../途策 知识库/Training/03 Catalyst SOP/34 申请季流程/343 Checklist/2021 申请季checklist/2021 University of Notre Dame Checklist.docx
../途策 知识库/Training/03 Catalyst SOP/34 申请季流程/343 Checklist/2021 申请季checklist/2021 University of Pennsylvania Checklist.docx
../途策 知识库/Training/03 Catalyst SOP/34 申请季流程/343 Checklist/2021 申请季checklist/2021 University of Pittsburgh Checklist.docx
../途策 知识库/Training/03 Catalyst SOP/34 申请季流程/343 Checklist/2021 申请季checklist/2021 University of Richmond Checklist.docx
../途策 知识库/Training/03 Catalyst SOP/34 申请季流程/343 Checklist/2021 申请季checklist/2021 University of Rochester Checklist.docx
../途策 知识库/Training/03 Catalyst SOP/34 申请季流程/343 Checklist/2021 申请季checklist/2021 University of Southern California Checklist.docx
../途策 知识库/Training/03 Catalyst SOP/34 申请季流程/343 Checklist/2021 申请季checklist/2021 University of Texas at Austin Checklist.docx
../途策 知识库/Training/03 Catalyst SOP/34 申请季流程/343 Checklist/2021 申请季checklist/2021 University of Virginia Checklist.docx
../途策 知识库/Training/03 Catalyst SOP/34 申请季流程/343 Checklist/2021 申请季checklist/2021 University of Washington-Seattle Checklist.docx
../途策 知识库/Training/03 Catalyst SOP/34 申请季流程/343 Checklist/2021 申请季checklist/2021 University of Wisconsin Madison Checklist.docx
../途策 知识库/Training/03 Catalyst SOP/34 申请季流程/343 Checklist/2021 申请季checklist/2021 Vanderbilt University Checklist.docx
../途策 知识库/Training/03 Catalyst SOP/34 申请季流程/343 Checklist/2021 申请季checklist/2021 Vassar College Checklist.docx
../途策 知识库/Training/03 Catalyst SOP/34 申请季流程/343 Checklist/2021 申请季checklist/2021 Villanova University Checklist.docx
../途策 知识库/Training/03 Catalyst SOP/34 申请季流程/343 Checklist/2021 申请季checklist/2021 Wake Forest Checklist.docx
../途策 知识库/Training/03 Catalyst SOP/34 申请季流程/343 Checklist/2021 申请季checklist/2021 Washington University in St. Louis Checklist.docx
../途策 知识库/Training/03 Catalyst SOP/34 申请季流程/343 Checklist/2021 申请季checklist/2021 Wellesley College Checklist.docx
../途策 知识库/Training/03 Catalyst SOP/34 申请季流程/343 Checklist/2021 申请季checklist/2021 Wesleyan University Checklist.docx
../途策 知识库/Training/03 Catalyst SOP/34 申请季流程/343 Checklist/2021 申请季checklist/2021 Yale University Checklist.docx
../途策 知识库/Training/03 Catalyst SOP/34 申请季流程/343 Checklist/2021 申请季checklist/2021 checklist pdf 版本/2021 Amherst College Checklist.pdf
../途策 知识库/Training/03 Catalyst SOP/34 申请季流程/343 Checklist/2021 申请季checklist/2021 checklist pdf 版本/2021 Boston College Checklist.pdf
../途策 知识库/Training/03 Catalyst SOP/34 申请季流程/343 Checklist/2021 申请季checklist/2021 checklist pdf 版本/2021 Boston University Checklist.pdf
../途策 知识库/Training/03 Catalyst SOP/34 申请季流程/343 Checklist/2021 申请季checklist/2021 checklist pdf 版本/2021 Brandeis University Checklist.pdf
../途策 知识库/Training/03 Catalyst SOP/34 申请季流程/343 Checklist/2021 申请季checklist/2021 checklist pdf 版本/2021 Brown University Checklist.pdf
../途策 知识库/Training/03 Catalyst SOP/34 申请季流程/343 Checklist/2021 申请季checklist/2021 checklist pdf 版本/2021 Bryn Mawr College Checklist.pdf
../途策 知识库/Training/03 Catalyst SOP/34 申请季流程/343 Checklist/2021 申请季checklist/2021 checklist pdf 版本/2021 California Institute of Technology Checklist.pdf
../途策 知识库/Training/03 Catalyst SOP/34 申请季流程/343 Checklist/2021 申请季checklist/2021 checklist pdf 版本/2021 Carleton College Checklist.pdf
../途策 知识库/Training/03 Catalyst SOP/34 申请季流程/343 Checklist/2021 申请季checklist/2021 checklist pdf 版本/2021 Carnegie Mellon University Checklist.pdf
../途策 知识库/Training/03 Catalyst SOP/34 申请季流程/343 Checklist/2021 申请季checklist/2021 checklist pdf 版本/2021 Case Western Reserve University Checklist.pdf
../途策 知识库/Training/03 Catalyst SOP/34 申请季流程/343 Checklist/2021 申请季checklist/2021 checklist pdf 版本/2021 Chapman University Checklist.pdf
../途策 知识库/Training/03 Catalyst SOP/34 申请季流程/343 Checklist/2021 申请季checklist/2021 checklist pdf 版本/2021 Claremont McKenna College Checklist.pdf
../途策 知识库/Training/03 Catalyst SOP/34 申请季流程/343 Checklist/2021 申请季checklist/2021 checklist pdf 版本/2021 Colby College Checklist.pdf
../途策 知识库/Training/03 Catalyst SOP/34 申请季流程/343 Checklist/2021 申请季checklist/2021 checklist pdf 版本/2021 College of William & Mary Checklist.pdf
../途策 知识库/Training/03 Catalyst SOP/34 申请季流程/343 Checklist/2021 申请季checklist/2021 checklist pdf 版本/2021 Columbia University Checklist.pdf
../途策 知识库/Training/03 Catalyst SOP/34 申请季流程/343 Checklist/2021 申请季checklist/2021 checklist pdf 版本/2021 Cornell University Checklist.pdf
../途策 知识库/Training/03 Catalyst SOP/34 申请季流程/343 Checklist/2021 申请季checklist/2021 checklist pdf 版本/2021 Dartmouth College Checklist.pdf
../途策 知识库/Training/03 Catalyst SOP/34 申请季流程/343 Checklist/2021 申请季checklist/2021 checklist pdf 版本/2021 Davidson College Checklist.pdf
../途策 知识库/Training/03 Catalyst SOP/34 申请季流程/343 Checklist/2021 申请季checklist/2021 checklist pdf 版本/2021 Duke University Checklist.pdf
../途策 知识库/Training/03 Catalyst SOP/34 申请季流程/343 Checklist/2021 申请季checklist/2021 checklist pdf 版本/2021 Emerson College Checklist.pdf
../途策 知识库/Training/03 Catalyst SOP/34 申请季流程/343 Checklist/2021 申请季checklist/2021 checklist pdf 版本/2021 Emory University Checklist.pdf
../途策 知识库/Training/03 Catalyst SOP/34 申请季流程/343 Checklist/2021 申请季checklist/2021 checklist pdf 版本/2021 Florida State University Checklist.pdf
../途策 知识库/Training/03 Catalyst SOP/34 申请季流程/343 Checklist/2021 申请季checklist/2021 checklist pdf 版本/2021 Fordham University Checklist.pdf
../途策 知识库/Training/03 Catalyst SOP/34 申请季流程/343 Checklist/2021 申请季checklist/2021 checklist pdf 版本/2021 Georgetown University Checklist.pdf
../途策 知识库/Training/03 Catalyst SOP/34 申请季流程/343 Checklist/2021 申请季checklist/2021 checklist pdf 版本/2021 Georgia Institute of Technology Checklist.pdf
../途策 知识库/Training/03 Catalyst SOP/34 申请季流程/343 Checklist/2021 申请季checklist/2021 checklist pdf 版本/2021 Hamilton College Checklist.pdf
../途策 知识库/Training/03 Catalyst SOP/34 申请季流程/343 Checklist/2021 申请季checklist/2021 checklist pdf 版本/2021 Harvard University Checklist.pdf
../途策 知识库/Training/03 Catalyst SOP/34 申请季流程/343 Checklist/2021 申请季checklist/2021 checklist pdf 版本/2021 Harvey Mudd College Checklist.pdf
../途策 知识库/Training/03 Catalyst SOP/34 申请季流程/343 Checklist/2021 申请季checklist/2021 checklist pdf 版本/2021 Haverford College Checklist.pdf
../途策 知识库/Training/03 Catalyst SOP/34 申请季流程/343 Checklist/2021 申请季checklist/2021 checklist pdf 版本/2021 Johns Hopkins University Checklist.pdf
../途策 知识库/Training/03 Catalyst SOP/34 申请季流程/343 Checklist/2021 申请季checklist/2021 checklist pdf 版本/2021 Lehigh University Checklist.pdf
../途策 知识库/Training/03 Catalyst SOP/34 申请季流程/343 Checklist/2021 申请季checklist/2021 checklist pdf 版本/2021 MIT Checklist.pdf
../途策 知识库/Training/03 Catalyst SOP/34 申请季流程/343 Checklist/2021 申请季checklist/2021 checklist pdf 版本/2021 Middlebury College Checklist.pdf
../途策 知识库/Training/03 Catalyst SOP/34 申请季流程/343 Checklist/2021 申请季checklist/2021 checklist pdf 版本/2021 Mount Holyoke College Checklist.pdf
../途策 知识库/Training/03 Catalyst SOP/34 申请季流程/343 Checklist/2021 申请季checklist/2021 checklist pdf 版本/2021 New York University Checklist.pdf
../途策 知识库/Training/03 Catalyst SOP/34 申请季流程/343 Checklist/2021 申请季checklist/2021 checklist pdf 版本/2021 Northeastern University Checklist.pdf
../途策 知识库/Training/03 Catalyst SOP/34 申请季流程/343 Checklist/2021 申请季checklist/2021 checklist pdf 版本/2021 Northwestern University Checklist.pdf
../途策 知识库/Training/03 Catalyst SOP/34 申请季流程/343 Checklist/2021 申请季checklist/2021 checklist pdf 版本/2021 Ohio State University Checklist.pdf
../途策 知识库/Training/03 Catalyst SOP/34 申请季流程/343 Checklist/2021 申请季checklist/2021 checklist pdf 版本/2021 Penn State University Checklist.pdf
../途策 知识库/Training/03 Catalyst SOP/34 申请季流程/343 Checklist/2021 申请季checklist/2021 checklist pdf 版本/2021 Pepperdine University Checklist.pdf
../途策 知识库/Training/03 Catalyst SOP/34 申请季流程/343 Checklist/2021 申请季checklist/2021 checklist pdf 版本/2021 Pomona College Checklist.pdf
../途策 知识库/Training/03 Catalyst SOP/34 申请季流程/343 Checklist/2021 申请季checklist/2021 checklist pdf 版本/2021 Princeton University Checklist.pdf
../途策 知识库/Training/03 Catalyst SOP/34 申请季流程/343 Checklist/2021 申请季checklist/2021 checklist pdf 版本/2021 Purdue University Checklist.pdf
../途策 知识库/Training/03 Catalyst SOP/34 申请季流程/343 Checklist/2021 申请季checklist/2021 checklist pdf 版本/2021 Rensselaer Polytechnic Institute Checklist.pdf
../途策 知识库/Training/03 Catalyst SOP/34 申请季流程/343 Checklist/2021 申请季checklist/2021 checklist pdf 版本/2021 Rice University Checklist.pdf
../途策 知识库/Training/03 Catalyst SOP/34 申请季流程/343 Checklist/2021 申请季checklist/2021 checklist pdf 版本/2021 Rugters University-New Brunswick Checklist.pdf
../途策 知识库/Training/03 Catalyst SOP/34 申请季流程/343 Checklist/2021 申请季checklist/2021 checklist pdf 版本/2021 Santa Clara University Checklist.pdf
../途策 知识库/Training/03 Catalyst SOP/34 申请季流程/343 Checklist/2021 申请季checklist/2021 checklist pdf 版本/2021 Stanford University Checklist.pdf
../途策 知识库/Training/03 Catalyst SOP/34 申请季流程/343 Checklist/2021 申请季checklist/2021 checklist pdf 版本/2021 Swarthmore College Checklist.pdf
../途策 知识库/Training/03 Catalyst SOP/34 申请季流程/343 Checklist/2021 申请季checklist/2021 checklist pdf 版本/2021 Syracuse University Checklist.pdf
../途策 知识库/Training/03 Catalyst SOP/34 申请季流程/343 Checklist/2021 申请季checklist/2021 checklist pdf 版本/2021 Tufts University Checklist.pdf
../途策 知识库/Training/03 Catalyst SOP/34 申请季流程/343 Checklist/2021 申请季checklist/2021 checklist pdf 版本/2021 Tulane University Checklist.pdf
../途策 知识库/Training/03 Catalyst SOP/34 申请季流程/343 Checklist/2021 申请季checklist/2021 checklist pdf 版本/2021 UIUC Checklist.pdf
../途策 知识库/Training/03 Catalyst SOP/34 申请季流程/343 Checklist/2021 申请季checklist/2021 checklist pdf 版本/2021 UW-Madison Checklist.pdf
../途策 知识库/Training/03 Catalyst SOP/34 申请季流程/343 Checklist/2021 申请季checklist/2021 checklist pdf 版本/2021 University of California Checklist.pdf
../途策 知识库/Training/03 Catalyst SOP/34 申请季流程/343 Checklist/2021 申请季checklist/2021 checklist pdf 版本/2021 University of Chicago Checklist.pdf
../途策 知识库/Training/03 Catalyst SOP/34 申请季流程/343 Checklist/2021 申请季checklist/2021 checklist pdf 版本/2021 University of Florida Checklist.pdf
../途策 知识库/Training/03 Catalyst SOP/34 申请季流程/343 Checklist/2021 申请季checklist/2021 checklist pdf 版本/2021 University of Georgia Checklist.pdf
../途策 知识库/Training/03 Catalyst SOP/34 申请季流程/343 Checklist/2021 申请季checklist/2021 checklist pdf 版本/2021 University of Maryland - Park Checklist.pdf
../途策 知识库/Training/03 Catalyst SOP/34 申请季流程/343 Checklist/2021 申请季checklist/2021 checklist pdf 版本/2021 University of Miami Checklist.pdf
../途策 知识库/Training/03 Catalyst SOP/34 申请季流程/343 Checklist/2021 申请季checklist/2021 checklist pdf 版本/2021 University of Michigan Checklist.pdf
../途策 知识库/Training/03 Catalyst SOP/34 申请季流程/343 Checklist/2021 申请季checklist/2021 checklist pdf 版本/2021 University of North Carolina at Chapel Hill Checklist.pdf
../途策 知识库/Training/03 Catalyst SOP/34 申请季流程/343 Checklist/2021 申请季checklist/2021 checklist pdf 版本/2021 University of Notre Dame Checklist.pdf
../途策 知识库/Training/03 Catalyst SOP/34 申请季流程/343 Checklist/2021 申请季checklist/2021 checklist pdf 版本/2021 University of Pennsylvania Checklist.pdf
../途策 知识库/Training/03 Catalyst SOP/34 申请季流程/343 Checklist/2021 申请季checklist/2021 checklist pdf 版本/2021 University of Pittsburgh Checklist.pdf
../途策 知识库/Training/03 Catalyst SOP/34 申请季流程/343 Checklist/2021 申请季checklist/2021 checklist pdf 版本/2021 University of Richmond Checklist.pdf
../途策 知识库/Training/03 Catalyst SOP/34 申请季流程/343 Checklist/2021 申请季checklist/2021 checklist pdf 版本/2021 University of Rochester Checklist.pdf
../途策 知识库/Training/03 Catalyst SOP/34 申请季流程/343 Checklist/2021 申请季checklist/2021 checklist pdf 版本/2021 University of Southern California Checklist.pdf
../途策 知识库/Training/03 Catalyst SOP/34 申请季流程/343 Checklist/2021 申请季checklist/2021 checklist pdf 版本/2021 University of Texas at Austin Checklist.pdf
../途策 知识库/Training/03 Catalyst SOP/34 申请季流程/343 Checklist/2021 申请季checklist/2021 checklist pdf 版本/2021 University of Virginia Checklist.pdf
../途策 知识库/Training/03 Catalyst SOP/34 申请季流程/343 Checklist/2021 申请季checklist/2021 checklist pdf 版本/2021 Vanderbilt University Checklist.pdf
../途策 知识库/Training/03 Catalyst SOP/34 申请季流程/343 Checklist/2021 申请季checklist/2021 checklist pdf 版本/2021 Vassar College Checklist.pdf
../途策 知识库/Training/03 Catalyst SOP/34 申请季流程/343 Checklist/2021 申请季checklist/2021 checklist pdf 版本/2021 Villanova University Checklist.pdf
../途策 知识库/Training/03 Catalyst SOP/34 申请季流程/343 Checklist/2021 申请季checklist/2021 checklist pdf 版本/2021 Wake Forest University Checklist.pdf
../途策 知识库/Training/03 Catalyst SOP/34 申请季流程/343 Checklist/2021 申请季checklist/2021 checklist pdf 版本/2021 Washington University in St. Louis Checklist.pdf
../途策 知识库/Training/03 Catalyst SOP/34 申请季流程/343 Checklist/2021 申请季checklist/2021 checklist pdf 版本/2021 Wellesley College Checklist.pdf
../途策 知识库/Training/03 Catalyst SOP/34 申请季流程/343 Checklist/2021 申请季checklist/2021 checklist pdf 版本/2021 Wesleyan University Checklist.pdf
../途策 知识库/Training/03 Catalyst SOP/34 申请季流程/343 Checklist/2021 申请季checklist/2021 checklist pdf 版本/2021 Yale University Checklist.pdf
../途策 知识库/Training/03 Catalyst SOP/34 申请季流程/343 Checklist/2022 申请季Checklist/2022 Barnard College Checklist.docx
../途策 知识库/Training/03 Catalyst SOP/34 申请季流程/343 Checklist/2022 申请季Checklist/2022 Boston College Checklist.docx
../途策 知识库/Training/03 Catalyst SOP/34 申请季流程/343 Checklist/2022 申请季Checklist/2022 Boston University Checklist.docx
../途策 知识库/Training/03 Catalyst SOP/34 申请季流程/343 Checklist/2022 申请季Checklist/2022 Brown University Checklist.docx
../途策 知识库/Training/03 Catalyst SOP/34 申请季流程/343 Checklist/2022 申请季Checklist/2022 Bryn Mawr College Checklist.docx
../途策 知识库/Training/03 Catalyst SOP/34 申请季流程/343 Checklist/2022 申请季Checklist/2022 Carnegie Mellon University Checklist.docx
../途策 知识库/Training/03 Catalyst SOP/34 申请季流程/343 Checklist/2022 申请季Checklist/2022 Case Western Reserve University Checklist.docx
../途策 知识库/Training/03 Catalyst SOP/34 申请季流程/343 Checklist/2022 申请季Checklist/2022 Columbia University Checklist.docx
../途策 知识库/Training/03 Catalyst SOP/34 申请季流程/343 Checklist/2022 申请季Checklist/2022 Cornell University Checklist.docx
../途策 知识库/Training/03 Catalyst SOP/34 申请季流程/343 Checklist/2022 申请季Checklist/2022 Davidson College Checklist.docx
../途策 知识库/Training/03 Catalyst SOP/34 申请季流程/343 Checklist/2022 申请季Checklist/2022 Duke University Checklist.docx
../途策 知识库/Training/03 Catalyst SOP/34 申请季流程/343 Checklist/2022 申请季Checklist/2022 Emory University Checklist.docx
../途策 知识库/Training/03 Catalyst SOP/34 申请季流程/343 Checklist/2022 申请季Checklist/2022 Johns Hopkins University Checklist.docx
../途策 知识库/Training/03 Catalyst SOP/34 申请季流程/343 Checklist/2022 申请季Checklist/2022 MIT Checklist.docx
../途策 知识库/Training/03 Catalyst SOP/34 申请季流程/343 Checklist/2022 申请季Checklist/2022 Middlebury College Checklist.docx
../途策 知识库/Training/03 Catalyst SOP/34 申请季流程/343 Checklist/2022 申请季Checklist/2022 Mount Holyoke College Checklist.docx
../途策 知识库/Training/03 Catalyst SOP/34 申请季流程/343 Checklist/2022 申请季Checklist/2022 New York University Checklist.docx
../途策 知识库/Training/03 Catalyst SOP/34 申请季流程/343 Checklist/2022 申请季Checklist/2022 Northeastern University Checklist.docx
../途策 知识库/Training/03 Catalyst SOP/34 申请季流程/343 Checklist/2022 申请季Checklist/2022 Northwestern University Checklist.docx
../途策 知识库/Training/03 Catalyst SOP/34 申请季流程/343 Checklist/2022 申请季Checklist/2022 Oberlin College Checklist.docx
../途策 知识库/Training/03 Catalyst SOP/34 申请季流程/343 Checklist/2022 申请季Checklist/2022 Pomona College Checklist.docx
../途策 知识库/Training/03 Catalyst SOP/34 申请季流程/343 Checklist/2022 申请季Checklist/2022 Rice University Checklist.docx
../途策 知识库/Training/03 Catalyst SOP/34 申请季流程/343 Checklist/2022 申请季Checklist/2022 Santa Clara University Checklist.docx
../途策 知识库/Training/03 Catalyst SOP/34 申请季流程/343 Checklist/2022 申请季Checklist/2022 Stanford University Checklist.docx
../途策 知识库/Training/03 Catalyst SOP/34 申请季流程/343 Checklist/2022 申请季Checklist/2022 Swarthmore College Checklist.docx
../途策 知识库/Training/03 Catalyst SOP/34 申请季流程/343 Checklist/2022 申请季Checklist/2022 UIUC Checklist.docx
../途策 知识库/Training/03 Catalyst SOP/34 申请季流程/343 Checklist/2022 申请季Checklist/2022 University of Chicago Checklist.docx
../途策 知识库/Training/03 Catalyst SOP/34 申请季流程/343 Checklist/2022 申请季Checklist/2022 University of North Carolina at Chapel Hill Checklist.docx
../途策 知识库/Training/03 Catalyst SOP/34 申请季流程/343 Checklist/2022 申请季Checklist/2022 University of Notre Dame Checklist.docx
../途策 知识库/Training/03 Catalyst SOP/34 申请季流程/343 Checklist/2022 申请季Checklist/2022 University of Pennsylvania Checklist.docx
../途策 知识库/Training/03 Catalyst SOP/34 申请季流程/343 Checklist/2022 申请季Checklist/2022 University of Rochester Checklist.docx
../途策 知识库/Training/03 Catalyst SOP/34 申请季流程/343 Checklist/2022 申请季Checklist/2022 University of Southern California Checklist.docx
../途策 知识库/Training/03 Catalyst SOP/34 申请季流程/343 Checklist/2022 申请季Checklist/2022 University of Virginia Checklist.docx
../途策 知识库/Training/03 Catalyst SOP/34 申请季流程/343 Checklist/2022 申请季Checklist/2022 Vanderbilt University Checklist.docx
../途策 知识库/Training/03 Catalyst SOP/34 申请季流程/343 Checklist/2022 申请季Checklist/2022 Wake Forest Checklist.docx
../途策 知识库/Training/03 Catalyst SOP/34 申请季流程/343 Checklist/2022 申请季Checklist/2022 Washington University in St. Louis Checklist.docx
../途策 知识库/Training/03 Catalyst SOP/34 申请季流程/343 Checklist/2022 申请季Checklist/2022 Wellesley College Checklist.docx
../途策 知识库/Training/03 Catalyst SOP/34 申请季流程/343 Checklist/2022 申请季Checklist/pdf version/2022 Barnard College Checklist.pdf
../途策 知识库/Training/03 Catalyst SOP/34 申请季流程/343 Checklist/2022 申请季Checklist/pdf version/2022 Boston College Checklist.pdf
../途策 知识库/Training/03 Catalyst SOP/34 申请季流程/343 Checklist/2022 申请季Checklist/pdf version/2022 Boston University Checklist.pdf
../途策 知识库/Training/03 Catalyst SOP/34 申请季流程/343 Checklist/2022 申请季Checklist/pdf version/2022 Brown University Checklist.pdf
../途策 知识库/Training/03 Catalyst SOP/34 申请季流程/343 Checklist/2022 申请季Checklist/pdf version/2022 Bryn Mawr College Checklist.pdf
../途策 知识库/Training/03 Catalyst SOP/34 申请季流程/343 Checklist/2022 申请季Checklist/pdf version/2022 Carnegie Mellon University Checklist.pdf
../途策 知识库/Training/03 Catalyst SOP/34 申请季流程/343 Checklist/2022 申请季Checklist/pdf version/2022 Case Western Reserve University Checklist.pdf
../途策 知识库/Training/03 Catalyst SOP/34 申请季流程/343 Checklist/2022 申请季Checklist/pdf version/2022 Columbia University Checklist.pdf
../途策 知识库/Training/03 Catalyst SOP/34 申请季流程/343 Checklist/2022 申请季Checklist/pdf version/2022 Cornell University Checklist.pdf
../途策 知识库/Training/03 Catalyst SOP/34 申请季流程/343 Checklist/2022 申请季Checklist/pdf version/2022 Davidson College Checklist.pdf
../途策 知识库/Training/03 Catalyst SOP/34 申请季流程/343 Checklist/2022 申请季Checklist/pdf version/2022 Duke University Checklist.pdf
../途策 知识库/Training/03 Catalyst SOP/34 申请季流程/343 Checklist/2022 申请季Checklist/pdf version/2022 Emory University Checklist.pdf
../途策 知识库/Training/03 Catalyst SOP/34 申请季流程/343 Checklist/2022 申请季Checklist/pdf version/2022 Johns Hopkins University Checklist.pdf
../途策 知识库/Training/03 Catalyst SOP/34 申请季流程/343 Checklist/2022 申请季Checklist/pdf version/2022 MIT Checklist.pdf
../途策 知识库/Training/03 Catalyst SOP/34 申请季流程/343 Checklist/2022 申请季Checklist/pdf version/2022 Middlebury College Checklist.pdf
../途策 知识库/Training/03 Catalyst SOP/34 申请季流程/343 Checklist/2022 申请季Checklist/pdf version/2022 Mount Holyoke College Checklist.pdf
../途策 知识库/Training/03 Catalyst SOP/34 申请季流程/343 Checklist/2022 申请季Checklist/pdf version/2022 New York University Checklist.pdf
../途策 知识库/Training/03 Catalyst SOP/34 申请季流程/343 Checklist/2022 申请季Checklist/pdf version/2022 Northeastern University Checklist.pdf
../途策 知识库/Training/03 Catalyst SOP/34 申请季流程/343 Checklist/2022 申请季Checklist/pdf version/2022 Northwestern University Checklist.pdf
../途策 知识库/Training/03 Catalyst SOP/34 申请季流程/343 Checklist/2022 申请季Checklist/pdf version/2022 Oberlin College Checklist.pdf
../途策 知识库/Training/03 Catalyst SOP/34 申请季流程/343 Checklist/2022 申请季Checklist/pdf version/2022 Pomona College Checklist.pdf
../途策 知识库/Training/03 Catalyst SOP/34 申请季流程/343 Checklist/2022 申请季Checklist/pdf version/2022 Rice University Checklist.pdf
../途策 知识库/Training/03 Catalyst SOP/34 申请季流程/343 Checklist/2022 申请季Checklist/pdf version/2022 Santa Clara University Checklist.pdf
../途策 知识库/Training/03 Catalyst SOP/34 申请季流程/343 Checklist/2022 申请季Checklist/pdf version/2022 Stanford University Checklist.pdf
../途策 知识库/Training/03 Catalyst SOP/34 申请季流程/343 Checklist/2022 申请季Checklist/pdf version/2022 Swarthmore College Checklist.pdf
../途策 知识库/Training/03 Catalyst SOP/34 申请季流程/343 Checklist/2022 申请季Checklist/pdf version/2022 UIUC Checklist.pdf
../途策 知识库/Training/03 Catalyst SOP/34 申请季流程/343 Checklist/2022 申请季Checklist/pdf version/2022 University of Chicago Checklist.pdf
../途策 知识库/Training/03 Catalyst SOP/34 申请季流程/343 Checklist/2022 申请季Checklist/pdf version/2022 University of North Carolina at Chapel Hill Checklist.pdf
../途策 知识库/Training/03 Catalyst SOP/34 申请季流程/343 Checklist/2022 申请季Checklist/pdf version/2022 University of Notre Dame Checklist.pdf
../途策 知识库/Training/03 Catalyst SOP/34 申请季流程/343 Checklist/2022 申请季Checklist/pdf version/2022 University of Pennsylvania Checklist.pdf
../途策 知识库/Training/03 Catalyst SOP/34 申请季流程/343 Checklist/2022 申请季Checklist/pdf version/2022 University of Rochester Checklist.pdf
../途策 知识库/Training/03 Catalyst SOP/34 申请季流程/343 Checklist/2022 申请季Checklist/pdf version/2022 University of Southern California Checklist.pdf
../途策 知识库/Training/03 Catalyst SOP/34 申请季流程/343 Checklist/2022 申请季Checklist/pdf version/2022 University of Virginia Checklist.pdf
../途策 知识库/Training/03 Catalyst SOP/34 申请季流程/343 Checklist/2022 申请季Checklist/pdf version/2022 Vanderbilt University Checklist.pdf
../途策 知识库/Training/03 Catalyst SOP/34 申请季流程/343 Checklist/2022 申请季Checklist/pdf version/2022 Wake Forest Checklist.pdf
../途策 知识库/Training/03 Catalyst SOP/34 申请季流程/343 Checklist/2022 申请季Checklist/pdf version/2022 Washington University in St. Louis Checklist.pdf
../途策 知识库/Training/03 Catalyst SOP/34 申请季流程/343 Checklist/2022 申请季Checklist/pdf version/2022 Wellesley College Checklist.pdf
../途策 知识库/Training/03 Catalyst SOP/34 申请季流程/344 申请流程SOP/10.10申请表格检查流程.txt
../途策 知识库/Training/03 Catalyst SOP/34 申请季流程/344 申请流程SOP/10.8 附件SAT, TOEFL, ACT送分指南.pdf
../途策 知识库/Training/03 Catalyst SOP/34 申请季流程/344 申请流程SOP/12.6 2022-2023 ED Result Release Table(1)(1).xlsx
../途策 知识库/Training/03 Catalyst SOP/34 申请季流程/344 申请流程SOP/12.6 ED Result Release Day - Essay Advisor SOP(1).docx
../途策 知识库/Training/03 Catalyst SOP/34 申请季流程/344 申请流程SOP/8.10 附件Writing Recommendation Letters_A Guide for Chinese Teachers.pdf
../途策 知识库/Training/03 Catalyst SOP/34 申请季流程/344 申请流程SOP/8.15 附件一High school Transcript Template.doc
../途策 知识库/Training/03 Catalyst SOP/34 申请季流程/344 申请流程SOP/8.15 附件二Middle School Transcript Template.doc
../途策 知识库/Training/03 Catalyst SOP/34 申请季流程/344 申请流程SOP/9.1 附件一 Financial Documents Preparation Guideline.pdf.pdf
../途策 知识库/Training/03 Catalyst SOP/34 申请季流程/344 申请流程SOP/9.1 附件二2022 Top60 大U及Top40LAC - 学校财力证明要求整理.xlsx
../途策 知识库/Training/03 Catalyst SOP/34 申请季流程/344 申请流程SOP/9.20 Activity & Honor Finalization Process - updated 9.22.2022.docx
../途策 知识库/Training/03 Catalyst SOP/34 申请季流程/344 申请流程SOP/F-1签证申请及行前准备-2023版.docx
../途策 知识库/Training/03 Catalyst SOP/34 申请季流程/344 申请流程SOP/F-1签证申请及行前准备-2023版.pdf
../途策 知识库/Training/03 Catalyst SOP/34 申请季流程/344 申请流程SOP/Final 附件F签证及行前准备-2022版.pdf
../途策 知识库/Training/03 Catalyst SOP/34 申请季流程/344 申请流程SOP/Z 申请季流程培训.pptx
../途策 知识库/Training/03 Catalyst SOP/34 申请季流程/344 申请流程SOP/申请规划顾问申请季工作SOP.docx
../途策 知识库/Training/03 Catalyst SOP/34 申请季流程/345 申请季 中方顾问 培训材料/2021年常见电影制作专业作品集要求整理.docx
../途策 知识库/Training/03 Catalyst SOP/34 申请季流程/345 申请季 中方顾问 培训材料/2022 - Financial Documents Preparation Guideline.pdf
../途策 知识库/Training/03 Catalyst SOP/34 申请季流程/345 申请季 中方顾问 培训材料/2022 - F签证及行前准备.pdf
../途策 知识库/Training/03 Catalyst SOP/34 申请季流程/345 申请季 中方顾问 培训材料/2022 - Writing Recommendation Letters_A Guide for Chinese Teachers.pdf
../途策 知识库/Training/03 Catalyst SOP/34 申请季流程/345 申请季 中方顾问 培训材料/2022 Top60 大U及Top40LAC - 学校财力证明要求整理.xlsx
../途策 知识库/Training/03 Catalyst SOP/34 申请季流程/345 申请季 中方顾问 培训材料/2022-2023 HFI 申请填写指南/CA Instructions 2022-2023 HFI升学指导中心.pdf
../途策 知识库/Training/03 Catalyst SOP/34 申请季流程/345 申请季 中方顾问 培训材料/2022-2023 HFI 申请填写指南/CA&Cialfo绑定指引.pdf
../途策 知识库/Training/03 Catalyst SOP/34 申请季流程/345 申请季 中方顾问 培训材料/2022-2023 HFI 申请填写指南/HFI-UC系统填写指引- 2022.9.pdf
../途策 知识库/Training/03 Catalyst SOP/34 申请季流程/345 申请季 中方顾问 培训材料/2022-2023 HFI 申请填写指南/UCAS注册及填写指引-2022.8.pdf
../途策 知识库/Training/03 Catalyst SOP/34 申请季流程/345 申请季 中方顾问 培训材料/2022-2023 HFI 申请填写指南/加拿大院校申请指引-2022.11.pdf
../途策 知识库/Training/03 Catalyst SOP/34 申请季流程/345 申请季 中方顾问 培训材料/2022-2023 平和IB申请填写指南/2023届Common Application填写指南.pdf
../途策 知识库/Training/03 Catalyst SOP/34 申请季流程/345 申请季 中方顾问 培训材料/2022-2023 平和IB申请填写指南/Cialfo连接指南 2023.pdf
../途策 知识库/Training/03 Catalyst SOP/34 申请季流程/345 申请季 中方顾问 培训材料/2022-2023 平和IB申请填写指南/McGill申请2023er.pdf
../途策 知识库/Training/03 Catalyst SOP/34 申请季流程/345 申请季 中方顾问 培训材料/2022-2023 平和IB申请填写指南/OUAC105 2023er.pdf
../途策 知识库/Training/03 Catalyst SOP/34 申请季流程/345 申请季 中方顾问 培训材料/2022-2023 平和IB申请填写指南/UCAS填写指南2023.pdf
../途策 知识库/Training/03 Catalyst SOP/34 申请季流程/345 申请季 中方顾问 培训材料/2022-2023 平和IB申请填写指南/加州大学申请系统填写需知（2023）updated.pdf
../途策 知识库/Training/03 Catalyst SOP/34 申请季流程/345 申请季 中方顾问 培训材料/9-11年级 成绩单收集 邮件模版 9.3.docx
../途策 知识库/Training/03 Catalyst SOP/34 申请季流程/345 申请季 中方顾问 培训材料/DS-160表填写指引（图解）.pdf
../途策 知识库/Training/03 Catalyst SOP/34 申请季流程/345 申请季 中方顾问 培训材料/EAED送分面试及申请状态查询 邮件模板 10.31.docx
../途策 知识库/Training/03 Catalyst SOP/34 申请季流程/345 申请季 中方顾问 培训材料/ED Agreement 提交指南 邮件模板  10.11.docx
../途策 知识库/Training/03 Catalyst SOP/34 申请季流程/345 申请季 中方顾问 培训材料/HFI 2022 SRAR填写指引.pdf
../途策 知识库/Training/03 Catalyst SOP/34 申请季流程/345 申请季 中方顾问 培训材料/HFI CA 注册及填写指引 2022.pdf
../途策 知识库/Training/03 Catalyst SOP/34 申请季流程/345 申请季 中方顾问 培训材料/HFI Coalition 申请表填写指引.2021.11.06.pdf
../途策 知识库/Training/03 Catalyst SOP/34 申请季流程/345 申请季 中方顾问 培训材料/HFI UCAS注册及填写指引 2022.pdf
../途策 知识库/Training/03 Catalyst SOP/34 申请季流程/345 申请季 中方顾问 培训材料/HFI UC申请系统填写指引 2021.11.pdf
../途策 知识库/Training/03 Catalyst SOP/34 申请季流程/345 申请季 中方顾问 培训材料/HFI 加拿大院校申请指引 2021.pdf
../途策 知识库/Training/03 Catalyst SOP/34 申请季流程/345 申请季 中方顾问 培训材料/High school Transcript Template.doc
../途策 知识库/Training/03 Catalyst SOP/34 申请季流程/345 申请季 中方顾问 培训材料/Middle School Transcript Template.doc
../途策 知识库/Training/03 Catalyst SOP/34 申请季流程/345 申请季 中方顾问 培训材料/Reference Letter 推荐信素材收集表（本科）.docx
../途策 知识库/Training/03 Catalyst SOP/34 申请季流程/345 申请季 中方顾问 培训材料/SAT, TOEFL, ACT送分指南 邮件模版 10.9.docx
../途策 知识库/Training/03 Catalyst SOP/34 申请季流程/345 申请季 中方顾问 培训材料/SAT, TOEFL, ACT送分指南.pdf
../途策 知识库/Training/03 Catalyst SOP/34 申请季流程/345 申请季 中方顾问 培训材料/UC活动列表-奖项填写参考.docx
../途策 知识库/Training/03 Catalyst SOP/34 申请季流程/345 申请季 中方顾问 培训材料/ucas-terms-explained.pdf
../途策 知识库/Training/03 Catalyst SOP/34 申请季流程/345 申请季 中方顾问 培训材料/【碧桂园】Common App Guide 2021-2022.pdf
../途策 知识库/Training/03 Catalyst SOP/34 申请季流程/345 申请季 中方顾问 培训材料/【碧桂园】Common App Guide 2023.pdf
../途策 知识库/Training/03 Catalyst SOP/34 申请季流程/345 申请季 中方顾问 培训材料/【碧桂园】UC Guide 2021-2022.pdf
../途策 知识库/Training/03 Catalyst SOP/34 申请季流程/345 申请季 中方顾问 培训材料/【碧桂园】UC IB Sample 2022-2023.pdf
../途策 知识库/Training/03 Catalyst SOP/34 申请季流程/345 申请季 中方顾问 培训材料/【碧桂园】UCAS Guide for Students 2021-2022.pdf
../途策 知识库/Training/03 Catalyst SOP/34 申请季流程/345 申请季 中方顾问 培训材料/中方顾问培训 演示文件.pptx
../途策 知识库/Training/03 Catalyst SOP/34 申请季流程/345 申请季 中方顾问 培训材料/平和 AP UC 填写指南-2021.pdf
../途策 知识库/Training/03 Catalyst SOP/34 申请季流程/345 申请季 中方顾问 培训材料/收入证明样本1.doc
../途策 知识库/Training/03 Catalyst SOP/34 申请季流程/345 申请季 中方顾问 培训材料/收入证明样本2.doc
../途策 知识库/Training/03 Catalyst SOP/34 申请季流程/345 申请季 中方顾问 培训材料/浑朴行前准备指南-2022版.pdf
../途策 知识库/Training/03 Catalyst SOP/34 申请季流程/345 申请季 中方顾问 培训材料/牛剑学院介绍PDF.pdf
../途策 知识库/Training/03 Catalyst SOP/34 申请季流程/345 申请季 中方顾问 培训材料/美国 加拿大签证申请表.pdf
../途策 知识库/Training/03 Catalyst SOP/34 申请季流程/345 申请季 中方顾问 培训材料/美国学生签证及行前准备 邮件模版 4.6.docx
../途策 知识库/Training/03 Catalyst SOP/34 申请季流程/345 申请季 中方顾问 培训材料/美国签证清单.pdf
../途策 知识库/Training/03 Catalyst SOP/34 申请季流程/345 申请季 中方顾问 培训材料/财力证明材料准备指引 Financial Documents Preparation Guideline.pdf
../途策 知识库/Training/03 Catalyst SOP/34 申请季流程/345 申请季 中方顾问 培训材料/财力证明材料准备指引 邮件模版 8.30.docx
../途策 知识库/Training/03 Catalyst SOP/34 申请季流程/Recommendation Letter_Self-evaluation form.docx
../途策 知识库/Training/03 Catalyst SOP/34 申请季流程/Resume Template.docx
../途策 知识库/Training/03 Catalyst SOP/34 申请季流程/STUDENT NAME - 申请季学生信息收集表-2022.doc
../途策 知识库/Training/03 Catalyst SOP/34 申请季流程/浑朴内部培训申请季.pptx
../途策 知识库/Training/03 Catalyst SOP/34 申请季流程/申请季学生进度反馈表.xlsx
../途策 知识库/Training/03 Catalyst SOP/34 申请季流程/申请系统和面试平台.docx
../途策 知识库/Training/03 Catalyst SOP/35 文书工作流程/浑朴文书范例.docx
../途策 知识库/Training/03 Catalyst SOP/35 文书工作流程/浑朴文书范例.pdf
../途策 知识库/Training/03 Catalyst SOP/36 行政/Common Application Instructions 2020-2021.pdf
../途策 知识库/Training/03 Catalyst SOP/36 行政/Creative Resume Template.docx
../途策 知识库/Training/03 Catalyst SOP/36 行政/F签证及行前准备 2020版.pdf
../途策 知识库/Training/03 Catalyst SOP/36 行政/Student Onboarding Files/High school Transcript Template.doc
../途策 知识库/Training/03 Catalyst SOP/36 行政/Student Onboarding Files/Middle School Transcript Template.doc
../途策 知识库/Training/03 Catalyst SOP/36 行政/Student Onboarding Files/NAME - PACT Assignment - v0.docx
../途策 知识库/Training/03 Catalyst SOP/36 行政/Student Onboarding Files/NAME - Using MS Word - v0.docx
../途策 知识库/Training/03 Catalyst SOP/36 行政/Student Onboarding Files/Onboarding email - PACT + MS Word.docx
../途策 知识库/Training/03 Catalyst SOP/36 行政/Student Onboarding Files/Welcome Email Template.docx
../途策 知识库/Training/03 Catalyst SOP/36 行政/Student Onboarding Files/Your Name - Activities & Honors 2021 - v0.docx
../途策 知识库/Training/03 Catalyst SOP/36 行政/Student Onboarding Files/Your Name - GTKU 2021 - v0.docx
../途策 知识库/Training/03 Catalyst SOP/36 行政/UC申请系统填写指引 2020.08.20.pdf
../途策 知识库/Training/03 Catalyst SOP/36 行政/Writing Recommendation Letters_A Guide for Chinese Teachers.pdf
../途策 知识库/Training/03 Catalyst SOP/36 行政/v2rayN-Core/v2rayN-Core/README.md
../途策 知识库/Training/03 Catalyst SOP/36 行政/v2rayN-Core/v2rayN-Core/doc/readme.md
../途策 知识库/Training/03 Catalyst SOP/36 行政/v2rayN-Core/v2rayN-Core/guiLogs/2023-01-17.txt
../途策 知识库/Training/03 Catalyst SOP/36 行政/v2rayN-Core/v2rayN-Core/guiLogs/2023-02-09.txt
../途策 知识库/Training/03 Catalyst SOP/36 行政/员工报销2021.3最新版.xlsx
../途策 知识库/Training/03 Catalyst SOP/36 行政/广州办使用指引.pdf
../途策 知识库/Training/03 Catalyst SOP/36 行政/浑朴广州办公室路引.pdf
../途策 知识库/Training/03 Catalyst SOP/36 行政/浑朴教育-精选文书范例.pdf
../途策 知识库/Training/03 Catalyst SOP/36 行政/申请规划顾问每周会议流程.docx
../途策 知识库/Training/03 Catalyst SOP/36 行政/英国留学签证指导.pdf
../途策 知识库/Training/03 Catalyst SOP/37 申请服务报告/本科留学申请顾问专业度调查问卷分析报告 2022.6.2 Carrie.docx
../途策 知识库/Training/03 Catalyst SOP/37 申请服务报告/本科留学申请顾问专业度调查问卷分析报告 2022.6.2 Carrie.pdf
../途策 知识库/Training/03 Catalyst SOP/37 申请服务报告/本科留学申请顾问专业度调查问卷分析报告（2022）.pdf
../途策 知识库/Training/Training Folder Structure-0223.pdf
../途策 知识库/Training/申请规划顾问培训大纲 2.docx
../途策 知识库/Training/申请规划顾问培训大纲.docx
../途策 知识库/wiki/01-商业策略/5C商业环境分析框架.md
../途策 知识库/wiki/01-商业策略/商业目标制定方法.md
../途策 知识库/wiki/02-社媒运营/小红书底层逻辑.md
../途策 知识库/wiki/02-社媒运营/账号运营策略.md
../途策 知识库/wiki/03-院校库/美国-常青藤/哈佛大学.md
../途策 知识库/wiki/03-院校库/美国-常青藤/哥伦比亚大学.md
../途策 知识库/wiki/03-院校库/美国-常青藤/宾夕法尼亚大学.md
../途策 知识库/wiki/03-院校库/美国-常青藤/布朗大学.md
../途策 知识库/wiki/03-院校库/美国-常青藤/普林斯顿大学.md
../途策 知识库/wiki/03-院校库/美国-常青藤/耶鲁大学.md
../途策 知识库/wiki/03-院校库/美国-常青藤/达特茅斯学院.md
../途策 知识库/wiki/03-院校库/美国-顶尖大学/斯坦福大学.md
../途策 知识库/wiki/03-院校库/美国-顶尖大学/更多院校汇总.md
../途策 知识库/wiki/03-院校库/美国顶尖大学深度档案.md
../途策 知识库/wiki/04-课程体系/A-Level课程完整指南.md
../途策 知识库/wiki/04-课程体系/AP课程完整指南.md
../途策 知识库/wiki/04-课程体系/IB课程完整指南.md
../途策 知识库/wiki/04-课程体系/重点AP高中档案-新增.md
../途策 知识库/wiki/04-课程体系/重点IB-ALevel高中档案.md
../途策 知识库/wiki/04-课程体系/重点国际学校档案.md
../途策 知识库/wiki/05-标化考试/SAT-ACT考试指南.md
../途策 知识库/wiki/05-标化考试/TOEFL-IELTS英语考试指南.md
../途策 知识库/wiki/06-专业选校/2025顶尖美本录取数据分析.md
../途策 知识库/wiki/06-专业选校/ED-EA选校策略指南.md
../途策 知识库/wiki/06-专业选校/北京顶级AP高中历届录取案例分析2016-2018.md
../途策 知识库/wiki/06-专业选校/申请季顾问全流程月度工作手册.md
../途策 知识库/wiki/06-专业选校/留学申请顾问服务SOP与话术指南.md
../途策 知识库/wiki/06-专业选校/美国大学中国区录取数据库2022.md
../途策 知识库/wiki/06-专业选校/美国大学申请数据TOP30.md
../途策 知识库/wiki/06-专业选校/美国申请体系与轮次.md
../途策 知识库/wiki/06-专业选校/美国留学申请季操作手册.md
../途策 知识库/wiki/06-专业选校/美本推荐信撰写指南-给中国老师.md
../途策 知识库/wiki/06-专业选校/英加大学选校指南.md
../途策 知识库/wiki/06-专业选校/音乐专业申请指南-美国TOP30.md
../途策 知识库/wiki/06-专业选校/顶校录取案例策略精选.md
../途策 知识库/wiki/06-专业选校/顶校录取案例补充2020-2023.md
../途策 知识库/wiki/07-背景提升/Personal-Project设计与文书写作实战.md
../途策 知识库/wiki/07-背景提升/创意个人项目库-跨学科方向.md
../途策 知识库/wiki/07-背景提升/学科项目库-人文理工.md
../途策 知识库/wiki/07-背景提升/竞赛指南.md
../途策 知识库/wiki/07-背景提升/综合学术竞赛与商科项目库.md
../途策 知识库/wiki/07-背景提升/美研Essay写作指南.md
../途策 知识库/wiki/07-背景提升/美研PS写作指南.md
../途策 知识库/wiki/07-背景提升/顶尖暑期项目库.md
../途策 知识库/wiki/07-背景提升/顶校Essay范文精选.md
../途策 知识库/wiki/07-背景提升/顶校夏校申请要素与面试准备.md
../途策 知识库/wiki/08-竞品分析/Anna聊移民(2025.12).md
../途策 知识库/wiki/08-竞品分析/Anna聊香港(身份规划).md
../途策 知识库/wiki/08-竞品分析/Casey说留学马来西亚.md
../途策 知识库/wiki/08-竞品分析/Sherry教育咨询.md
../途策 知识库/wiki/08-竞品分析/唐老师低龄规划·择校.md
../途策 知识库/wiki/08-竞品分析/国际学校最TOP.md
../途策 知识库/wiki/08-竞品分析/小施校长.md
../途策 知识库/wiki/08-竞品分析/思课郑老师(Mia).md
../途策 知识库/wiki/08-竞品分析/新东方背景提升规划模板分析.md
../途策 知识库/wiki/08-竞品分析/暴叔讲家庭教育.md
../途策 知识库/wiki/08-竞品分析/牟校大话留学.md
../途策 知识库/wiki/08-竞品分析/王喂马说留学(赴马).md
../途策 知识库/wiki/08-竞品分析/留学机构服务满意度调查报告分析2022.md
../途策 知识库/wiki/08-竞品分析/留学申请机构竞品分析.md
../途策 知识库/wiki/08-竞品分析/老汪说留学.md
../途策 知识库/wiki/08-竞品分析/超哥留学晚七点直播.md
../途策 知识库/wiki/08-竞品分析/香港杨老师(帮留学生找工作).md
../途策 知识库/wiki/09-留学社媒研究/低龄国际学校账号研究.md
../途策 知识库/wiki/09-留学社媒研究/文案库/176莉姐视频号-文案精选.md
../途策 知识库/wiki/09-留学社媒研究/文案库/Anna聊移民-文案精选.md
../途策 知识库/wiki/09-留学社媒研究/文案库/Anna聊香港-文案精选.md
../途策 知识库/wiki/09-留学社媒研究/文案库/Casey说留学马来西亚-文案精选.md
../途策 知识库/wiki/09-留学社媒研究/文案库/Sherry教育咨询-文案精选.md
../途策 知识库/wiki/09-留学社媒研究/文案库/唐老师低龄规划-文案精选.md
../途策 知识库/wiki/09-留学社媒研究/文案库/国际学校最TOP-文案精选.md
../途策 知识库/wiki/09-留学社媒研究/文案库/思课郑老师Mia-文案精选.md
../途策 知识库/wiki/09-留学社媒研究/文案库/暴叔讲家庭教育-文案精选.md
../途策 知识库/wiki/09-留学社媒研究/文案库/杨惨惨留学Tips-文案精选.md
../途策 知识库/wiki/09-留学社媒研究/文案库/牟校小施校长-文案精选.md
../途策 知识库/wiki/09-留学社媒研究/文案库/王喂马说留学-文案精选.md
../途策 知识库/wiki/09-留学社媒研究/文案库/老汪说留学-文案精选.md
../途策 知识库/wiki/09-留学社媒研究/文案库/超哥留学晚七点直播-文案精选.md
../途策 知识库/wiki/09-留学社媒研究/文案库/香港杨老师-文案精选.md
../途策 知识库/wiki/09-留学社媒研究/文案库/香港王烧鹅-文案精选.md
../途策 知识库/wiki/09-留学社媒研究/文案库/高老师留学那点事-文案精选.md
../途策 知识库/wiki/09-留学社媒研究/移民海外身份账号研究.md
../途策 知识库/wiki/09-留学社媒研究/综合留学咨询账号研究.md
../途策 知识库/wiki/09-留学社媒研究/语言规划账号研究.md
../途策 知识库/wiki/09-留学社媒研究/香港留学就业账号研究.md
../途策 知识库/wiki/09-留学社媒研究/马来西亚留学账号研究.md
../途策 知识库/wiki/10-行业数据/2025年中国留学生白皮书.md
../途策 知识库/wiki/11-视频号算法研究/README.md
../途策 知识库/wiki/11-视频号算法研究/视频号内容生态白皮书2025.md
../途策 知识库/wiki/11-视频号算法研究/视频号文案攻略.md
../途策 知识库/wiki/11-视频号算法研究/视频号流量池规则2025.md
../途策 知识库/wiki/11-视频号算法研究/视频号算法机制深度解析.md
../途策 知识库/wiki/index.md
../途策 知识库/wiki/log.md
../途策 知识库/wiki/途策留学/途策｜KEVIN自媒体.docx
../途策 知识库/Training/01 General Information/11 GPA/11.1 AP/广东_实验中学国际部/2021 高一选课说明_Final_6.18.pdf
../途策 知识库/Training/01 General Information/11 GPA/11.2 A-Level/深圳_深国交/The school profile – Shenzhen College of International Education.pdf
../途策 知识库/Training/01 General Information/11 GPA/11.3 IB/220404 浑朴毕业生学术分享会 IB TOK.pdf
../途策 知识库/Training/01 General Information/14 背景提升-学科/141 人文 社科/HIR/HIR Style Guide (Session 4).pdf
../途策 知识库/Training/01 General Information/14 背景提升-学科/141 人文 社科/HIR/Structuring an Article (Session 3).pdf
../途策 知识库/Training/01 General Information/14 背景提升-学科/141 人文 社科/中南屋/中南屋项目介绍ppt.pdf
../途策 知识库/Training/01 General Information/14 背景提升-学科/142 自然科学 工程/Zeal Labs 项目介绍.pdf
../途策 知识库/Training/01 General Information/14 背景提升-学科/142 自然科学 工程/天体物理.pdf
../途策 知识库/Training/01 General Information/14 背景提升-学科/142 自然科学 工程/奇思孵化背提/奇思-科创背提.pdf
../途策 知识库/Training/01 General Information/14 背景提升-学科/148 苏格拉底营地/The-Origins-of-Political-Order.pdf
../途策 知识库/Training/01 General Information/14 背景提升-学科/绽放第十七届新概念作文获奖者作品精选（B卷）.pdf
../途策 知识库/Training/01 General Information/坚果云新手指南（中英）.pdf
../途策 知识库/Training/02 Case Studies/24 Creative Ideas/220616-Donna 宝冢歌剧团研究.pdf
../途策 知识库/Training/03 Catalyst SOP/32 综合能力/Bauld, Harry - On Writing the College Application Essay_ The Key to Acceptance at the College of Your Choice-HarperCollins (2012).pdf
../途策 知识库/Training/03 Catalyst SOP/36 行政/UCAS 注册及填写指引（HFI 202006版，仅供内部参考）.pdf
../途策 知识库/Training/03 Catalyst SOP/34 申请季流程/345 申请季 中方顾问 培训材料/【碧桂园】2021-2022 Coalition Guide.pdf
../途策 知识库/Training/03 Catalyst SOP/34 申请季流程/345 申请季 中方顾问 培训材料/七德 UC Application Guide-2021.pdf
../途策 知识库/Training/01 General Information/11 GPA/11.1 AP/上海_华二国际部/【讲座精华】在一年只招40个学生的华二国际班读书，是一种什么样的体验？.pdf
../途策 知识库/Training/01 General Information/11 GPA/11.1 AP/上海_华二国际部/公办AP的佼佼者——华二国课班.pdf
../途策 知识库/Training/01 General Information/11 GPA/11.1 AP/广东_贝赛斯国际学校/G10_Elective Catalog_2022-23.pdf
../途策 知识库/Training/01 General Information/11 GPA/11.1 AP/重庆_南开/JHU录取.pdf
../途策 知识库/Training/01 General Information/11 GPA/11.1 AP/重庆_南开/斯坦福牛津Case.pdf
../途策 知识库/Training/01 General Information/11 GPA/11.2 A-Level/深圳_深国交/2021录取结果.pdf
../途策 知识库/Training/01 General Information/11 GPA/11.3 IB/UWC 常熟/UWC 常熟学校册子.pdf
../途策 知识库/Training/01 General Information/11 GPA/11.3 IB/上海_上中国际/School Profile.pdf
../途策 知识库/Training/01 General Information/11 GPA/11.3 IB/上海_世外/世外2020录取结果.pdf
../途策 知识库/Training/01 General Information/11 GPA/AP IB Alevel三大课程对比.pdf
../途策 知识库/Training/01 General Information/11 GPA/AP IB Alevel三大课程对比2.pdf
../途策 知识库/Training/01 General Information/11 GPA/AP IB Alevel三大课程对比3.pdf
../途策 知识库/Training/01 General Information/12 标化考试/12.2 SAT&ACT/ACT VS SAT 异同分析.pdf
../途策 知识库/Training/01 General Information/12 标化考试/12.2 SAT&ACT/SAT ACT分数转换.pdf
../途策 知识库/Training/01 General Information/12 标化考试/12.2 SAT&ACT/SAT 真题/2021 April North America/2021 North America 数学2. pdf.pdf
../途策 知识库/Training/01 General Information/12 标化考试/12.2 SAT&ACT/SAT 真题/2021 April North America/2021 North America 语法 (1).pdf
../途策 知识库/Training/01 General Information/12 标化考试/12.2 SAT&ACT/SAT 真题/2021 April North America/2021 North America 数学1.pdf
../途策 知识库/Training/01 General Information/12 标化考试/12.2 SAT&ACT/SAT 真题/SAT语法知识点.pdf
../途策 知识库/Training/01 General Information/13 专业 & 选校/13.1 美国/13.1.1 综合性大学/麻省理工学院录取案例1.pdf
../途策 知识库/Training/01 General Information/13 专业 & 选校/13.1 美国/13.1.3 专业/Specific Majors/政治学.pdf
../途策 知识库/Training/01 General Information/13 专业 & 选校/13.2 英国/浑朴学生案例_UCAS/Angie Zhang_Oxford_Math 2020.pdf
../途策 知识库/Training/01 General Information/13 专业 & 选校/13.2 英国/浑朴学生案例_UCAS/Jack Li_Oxford_Engineering 2020.pdf
../途策 知识库/Training/01 General Information/13 专业 & 选校/13.2 英国/浑朴学生案例_UCAS/Jack Zhou_Oxford_Math 2020.pdf
../途策 知识库/Training/01 General Information/13 专业 & 选校/13.3 其他国家/HFI - 免高考和会考证明.pdf
../途策 知识库/Training/01 General Information/13 专业 & 选校/13.3 其他国家/HFI - 预毕业证明.pdf
../途策 知识库/Training/01 General Information/14 背景提升-学科/141 人文 社科/YIC/Agenda Setting.pdf
../途策 知识库/Training/01 General Information/14 背景提升-学科/141 人文 社科/YIC/Characteristics of Good Objectives.pdf
../途策 知识库/Training/01 General Information/14 背景提升-学科/141 人文 社科/YIC/YIC 评分表.pdf
../途策 知识库/Training/01 General Information/14 背景提升-学科/141 人文 社科/YIC/YIC-Create a Target Audience Profile.pdf
../途策 知识库/Training/01 General Information/14 背景提升-学科/141 人文 社科/YIC/YIC-Figure Out the Tactics Behind the Key Message.pdf
../途策 知识库/Training/01 General Information/14 背景提升-学科/141 人文 社科/YIC/YIC-How to Choose Platforms.pdf
../途策 知识库/Training/01 General Information/14 背景提升-学科/141 人文 社科/YOC/YOC 2022/220520Delilah-YOC选题说明/2021-2022YOC青年观察选题提交说明.pdf
../途策 知识库/Training/01 General Information/14 背景提升-学科/141 人文 社科/YOC/YOC 2022/Interview Subject Map.pdf
../途策 知识库/Training/01 General Information/14 背景提升-学科/141 人文 社科/YOC/YOC 比赛分析/YOC Rubrics.pdf
../途策 知识库/Training/01 General Information/14 背景提升-学科/141 人文 社科/乡村笔记20220507/乡土研学产品介绍手册.pdf
../途策 知识库/Training/01 General Information/14 背景提升-学科/141 人文 社科/筑著研学项目介绍.pdf
../途策 知识库/Training/01 General Information/14 背景提升-学科/142 自然科学 工程/2023年科学苗子培养项目.pdf
../途策 知识库/Training/01 General Information/14 背景提升-学科/142 自然科学 工程/Ivy Maker/小B同学-软硬件综合工程项目作品集案例.pdf
../途策 知识库/Training/01 General Information/14 背景提升-学科/142 自然科学 工程/MIT推荐暑期项目.pdf
../途策 知识库/Training/01 General Information/14 背景提升-学科/142 自然科学 工程/isef/ISEF比赛介绍.pdf
../途策 知识库/Training/01 General Information/14 背景提升-学科/142 自然科学 工程/物理专业比赛.pdf
../途策 知识库/Training/01 General Information/14 背景提升-学科/142.1 生物/USABO & BBO 真题/2_2010_OpenExam_AnsKey.pdf
../途策 知识库/Training/01 General Information/14 背景提升-学科/142.1 生物/USABO & BBO 真题/2_2014 USABO Open Exam.pdf
../途策 知识库/Training/01 General Information/14 背景提升-学科/142.1 生物/USABO & BBO 真题/2_2015 USABO Open Exam.pdf
../途策 知识库/Training/01 General Information/14 背景提升-学科/142.1 生物/USABO & BBO 真题/2_2016 USABO Open Exam.pdf
../途策 知识库/Training/01 General Information/14 背景提升-学科/142.1 生物/USABO & BBO 真题/归档/2_2010_OpenExam_AnsKey.pdf
../途策 知识库/Training/01 General Information/14 背景提升-学科/142.1 生物/USABO & BBO 真题/归档/2_2014 USABO Open Exam.pdf
../途策 知识库/Training/01 General Information/14 背景提升-学科/142.1 生物/USABO & BBO 真题/归档/2_2015 USABO Open Exam.pdf
../途策 知识库/Training/01 General Information/14 背景提升-学科/142.1 生物/USABO & BBO 真题/归档/2_2016 USABO Open Exam.pdf
../途策 知识库/Training/01 General Information/14 背景提升-学科/143 数学 CS/AMC10真题2012-2021/2012-AMC10A-试题（英语）.pdf
../途策 知识库/Training/01 General Information/14 背景提升-学科/143 数学 CS/AMC10真题2012-2021/2012-AMC10B-试题（英语）.pdf
../途策 知识库/Training/01 General Information/14 背景提升-学科/143 数学 CS/AMC10真题2012-2021/2013-AMC10A-试题（英语）.pdf
../途策 知识库/Training/01 General Information/14 背景提升-学科/143 数学 CS/AMC10真题2012-2021/2013-AMC10B-试题（英语）.pdf
../途策 知识库/Training/01 General Information/14 背景提升-学科/143 数学 CS/AMC10真题2012-2021/2014-AMC10A-试题（英语）.pdf
../途策 知识库/Training/01 General Information/14 背景提升-学科/143 数学 CS/AMC10真题2012-2021/2014-AMC10B-试题（英语）.pdf
../途策 知识库/Training/01 General Information/14 背景提升-学科/143 数学 CS/AMC10真题2012-2021/2015-AMC10A-试题（英语）.pdf
../途策 知识库/Training/01 General Information/14 背景提升-学科/143 数学 CS/AMC10真题2012-2021/2015-AMC10B-试题（英语）.pdf
../途策 知识库/Training/01 General Information/14 背景提升-学科/143 数学 CS/AMC10真题2012-2021/2016-AMC10A-试题（英语）.pdf
../途策 知识库/Training/01 General Information/14 背景提升-学科/143 数学 CS/AMC10真题2012-2021/2016-AMC10B-试题（英语）.pdf
../途策 知识库/Training/01 General Information/14 背景提升-学科/143 数学 CS/AMC10真题2012-2021/2017-AMC10A-试题（英语）.pdf
../途策 知识库/Training/01 General Information/14 背景提升-学科/143 数学 CS/AMC12真题2012-2021/2017-AMC12A-试题（英语）.pdf
../途策 知识库/Training/01 General Information/14 背景提升-学科/143 数学 CS/AMC12真题2012-2021/2017-AMC12B-试题（英语）.pdf
../途策 知识库/Training/01 General Information/14 背景提升-学科/143 数学 CS/HiMCM美国高中数学建模比赛.pdf
../途策 知识库/Training/01 General Information/14 背景提升-学科/143 数学 CS/数学专业比赛.pdf
../途策 知识库/Training/01 General Information/14 背景提升-学科/145 其他/建筑/Araon HFI/UVA Portfolio.pdf
../途策 知识库/Training/02 Case Studies/21 Catalyst/LAC09 Middlebury College/Middlebury-Coalition.pdf
../途策 知识库/Training/02 Case Studies/24 Creative Ideas/210311-Delilah-Contemporary Art.pdf
../途策 知识库/Training/02 Case Studies/24 Creative Ideas/220602-Delilah-疫情下的艺术作品.pdf
../途策 知识库/Training/02 Case Studies/24 Creative Ideas/220707-Peter-Social Neuroscience Intro.pdf
../途策 知识库/Training/03 Catalyst SOP/34 申请季流程/344 申请流程SOP/10.20 ED Agreement 填写指引.pdf
../途策 知识库/Training/03 Catalyst SOP/34 申请季流程/344 申请流程SOP/10.8 早申请送分提醒邮件.pdf
../途策 知识库/Training/03 Catalyst SOP/34 申请季流程/344 申请流程SOP/11.2 EAED状态查询.pdf
../途策 知识库/Training/03 Catalyst SOP/34 申请季流程/344 申请流程SOP/8.1 申请季启动&申请系统注册邮件.pdf
../途策 知识库/Training/03 Catalyst SOP/34 申请季流程/344 申请流程SOP/8.1 附件CA填写指南.pdf
../途策 知识库/Training/03 Catalyst SOP/34 申请季流程/344 申请流程SOP/8.10 推荐信信息收集邮件.pdf
../途策 知识库/Training/03 Catalyst SOP/34 申请季流程/344 申请流程SOP/8.15 成绩单收集邮件.pdf
../途策 知识库/Training/03 Catalyst SOP/34 申请季流程/344 申请流程SOP/9.1 财力证明准备邮件.pdf
../途策 知识库/Training/03 Catalyst SOP/34 申请季流程/344 申请流程SOP/Final 行前准备指南.pdf
../途策 知识库/Training/03 Catalyst SOP/34 申请季流程/345 申请季 中方顾问 培训材料/10.20 ED Agreement 填写指引.pdf
../途策 知识库/Training/03 Catalyst SOP/34 申请季流程/345 申请季 中方顾问 培训材料/ED Agreement提交指南.pdf
../途策 知识库/Training/03 Catalyst SOP/34 申请季流程/345 申请季 中方顾问 培训材料/【碧桂园】UC Guide 2022-2023.pdf
../途策 知识库/Training/03 Catalyst SOP/34 申请季流程/345 申请季 中方顾问 培训材料/深圳中学 UC 系统填写指引 2022版本.pdf
